ICGC_GBM56,MASP1
ICGC_GBM56,TRPM3
ICGC_GBM56,ST5
ICGC_GBM56,EEA1
ICGC_GBM56,ANKS1B
ICGC_GBM56,CUX2
ICGC_GBM56,TCTN2
ICGC_GBM56,NCOR2
ICGC_GBM56,UBC
ICGC_GBM56,GPR133
ICGC_GBM56,KLHL1
ICGC_GBM56,DICER1
ICGC_GBM2,GRAMD3
ICGC_GBM2,SLC27A6
ICGC_GBM2,RP11-525A16.4
ICGC_GBM2,SEC23IP
ICGC_GBM2,SMCO2
ICGC_GBM2,UCHL3
ICGC_GBM2,PCNXL4
ICGC_GBM2,GPR176
ICGC_GBM2,AP4E1
ICGC_GBM2,NF1
ICGC_GBM31,HTN3
ICGC_GBM31,GYPB
ICGC_GBM31,NDUFAF2
ICGC_GBM31,KIF27
ICGC_GBM31,TPTE2
ICGC_GBM31,ARHGAP11B
ICGC_GBM31,CKMT1B
ICGC_GBM31,STRC
ICGC_GBM31,TBC1D3C
ICGC_GBM31,ZNF83
ICGC_GBM31,SLC23A2
ICGC_GBM31,C20orf196
ICGC_GBM31,PAK7
ICGC_GBM31,PAK7
ICGC_GBM31,ANKEF1
ICGC_GBM31,SLX4IP
ICGC_GBM31,MACROD2
ICGC_GBM31,MACROD2
ICGC_GBM31,SLC24A3
ICGC_GBM31,C20orf26
ICGC_GBM31,RALGAPA2
ICGC_GBM31,ENTPD6
ICGC_GBM31,PDRG1
ICGC_GBM31,SUN5
ICGC_GBM31,CNBD2
ICGC_GBM31,BPI
ICGC_GBM31,BPI
ICGC_GBM31,PTPRT
ICGC_GBM31,JPH2
ICGC_GBM31,SULF2
ICGC_GBM31,CDH4
ICGC_GBM31,CDH4
ICGC_GBM31,CDH4
ICGC_GBM31,SLCO4A1
ICGC_GBM13,CROCC
ICGC_GBM13,NBPF3
ICGC_GBM13,CYP4Z1
ICGC_GBM13,CYP4Z1
ICGC_GBM13,FAM73A
ICGC_GBM13,NOTCH2NL
ICGC_GBM13,RP11-458D21.5
ICGC_GBM13,NOTCH2NL
ICGC_GBM13,RP11-458D21.5
ICGC_GBM13,PDZK1
ICGC_GBM13,RP11-353N4.5
ICGC_GBM13,HIST2H2BF
ICGC_GBM13,FCGR2B
ICGC_GBM13,CFH
ICGC_GBM13,CFHR1
ICGC_GBM13,CFHR2
ICGC_GBM13,CFHR2
ICGC_GBM13,PPP1R12B
ICGC_GBM13,PPP1R12B
ICGC_GBM13,PPP1R12B
ICGC_GBM13,PM20D1
ICGC_GBM13,CEP170
ICGC_GBM13,CEP170
ICGC_GBM13,CEP170
ICGC_GBM13,CEP170
ICGC_GBM13,CEP170
ICGC_GBM13,CEP170
ICGC_GBM13,EML6
ICGC_GBM13,FANCD2
ICGC_GBM13,OTOP1
ICGC_GBM13,PCDH7
ICGC_GBM13,GYPB
ICGC_GBM13,GYPB
ICGC_GBM13,GYPB
ICGC_GBM13,TRIM61
ICGC_GBM13,CDH12
ICGC_GBM13,CDH12
ICGC_GBM13,NQO2
ICGC_GBM13,OR5V1
ICGC_GBM13,EYS
ICGC_GBM13,FIG4
ICGC_GBM13,TCP10
ICGC_GBM13,AVL9
ICGC_GBM13,DPY19L1
ICGC_GBM13,DPY19L1
ICGC_GBM13,ZNF479
ICGC_GBM13,TYW1
ICGC_GBM13,UPK3B
ICGC_GBM13,UPK3B
ICGC_GBM13,CCDC146
ICGC_GBM13,RUNDC3B
ICGC_GBM13,FAM185A
ICGC_GBM13,FAM185A
ICGC_GBM13,KMT2C
ICGC_GBM13,DPP6
ICGC_GBM13,DPP6
ICGC_GBM13,WRN
ICGC_GBM13,ANKRD18B
ICGC_GBM13,ANKRD18B
ICGC_GBM13,ANKRD18A
ICGC_GBM13,PGM5
ICGC_GBM13,KIF27
ICGC_GBM13,HIATL1
ICGC_GBM13,AKR1C2
ICGC_GBM13,ARMC4
ICGC_GBM13,ASAH2C
ICGC_GBM13,ASAH2C
ICGC_GBM13,AGAP8
ICGC_GBM13,SGPL1
ICGC_GBM13,HBB
ICGC_GBM13,FOLH1
ICGC_GBM13,GRM5
ICGC_GBM13,PARP11
ICGC_GBM13,ANO2
ICGC_GBM13,KIAA0226L
ICGC_GBM13,ARHGAP11B
ICGC_GBM13,ARHGAP11B
ICGC_GBM13,GOLGA8B
ICGC_GBM13,STRC
ICGC_GBM13,PDXDC1
ICGC_GBM13,SNX29P2
ICGC_GBM13,HYDIN
ICGC_GBM13,GLG1
ICGC_GBM13,TVP23C
ICGC_GBM13,TVP23C-CDRT4
ICGC_GBM13,CDRT1
ICGC_GBM13,RP11-385D13.1
ICGC_GBM13,CCDC144A
ICGC_GBM13,RP11-219A15.1
ICGC_GBM13,TRIM16L
ICGC_GBM13,FBXW10
ICGC_GBM13,CCDC144NL
ICGC_GBM13,ANKRD30B
ICGC_GBM13,ANKRD30B
ICGC_GBM13,ANKRD30B
ICGC_GBM13,ANKRD30B
ICGC_GBM13,ROCK1
ICGC_GBM13,ZNF440
ICGC_GBM13,ZNF492
ICGC_GBM13,PSG8
ICGC_GBM13,ZNF552
ICGC_GBM13,ZNF586
ICGC_GBM13,FAM182B
ICGC_GBM13,DPM1
ICGC_GBM13,SERHL2
ICGC_GBM58,ACSS2
ICGC_GBM54,SMG7
ICGC_GBM54,AC024592.12
ICGC_GBM54,FUT5
ICGC_GBM98,ERBB4
ICGC_GBM98,ERBB4
ICGC_GBM98,SPAG16
ICGC_GBM98,CRYL1
ICGC_GBM84,KIF17
ICGC_GBM84,CHIT1
ICGC_GBM84,TTC7A
ICGC_GBM84,ABCB4
ICGC_GBM84,MINPP1
ICGC_GBM84,ATAD1
ICGC_GBM84,PTEN
ICGC_GBM97,POLN
ICGC_GBM97,KCNIP4
ICGC_GBM97,N4BP2
ICGC_GBM97,SGCB
ICGC_GBM97,SGCB
ICGC_GBM97,FIP1L1
ICGC_GBM97,LNX1
ICGC_GBM97,FIP1L1
ICGC_GBM97,LNX1
ICGC_GBM97,FIP1L1
ICGC_GBM97,EYS
ICGC_GBM97,PXDNL
ICGC_GBM97,PXDNL
ICGC_GBM97,PKHD1L1
ICGC_GBM97,MTMR10
ICGC_GBM97,CHRNA7
ICGC_GBM97,CEP152
ICGC_GBM6,OCA2
ICGC_GBM6,PAK6
ICGC_GBM6,RP11-133K1.2
ICGC_GBM6,VPS13C
ICGC_GBM6,RP11-343C2.7
ICGC_GBM6,RP11-343C2.9
ICGC_GBM6,TMED6
ICGC_GBM67_xten,PLS1
ICGC_GBM67_xten,ANKUB1
ICGC_GBM67_xten,RNF13
ICGC_GBM67_xten,PFN2
ICGC_GBM67_xten,STAP1
ICGC_GBM67_xten,SLIT3
ICGC_GBM67_xten,EYS
ICGC_GBM67_xten,EYS
ICGC_GBM67_xten,EYS
ICGC_GBM67_xten,GLIS3
ICGC_GBM67_xten,GLIS3
ICGC_GBM67_xten,KIAA2026
ICGC_GBM67_xten,PTPLAD2
ICGC_GBM67_xten,ANHX
ICGC_GBM60,TTLL10
ICGC_GBM60,MORN1
ICGC_GBM60,MEGF6
ICGC_GBM60,SLC2A7
ICGC_GBM60,TMEM51
ICGC_GBM60,FHAD1
ICGC_GBM60,FHAD1
ICGC_GBM60,CROCC
ICGC_GBM60,BAI2
ICGC_GBM60,TRIM62
ICGC_GBM60,SMIM12
ICGC_GBM60,EPHA10
ICGC_GBM60,HEYL
ICGC_GBM60,HIVEP3
ICGC_GBM60,ST3GAL3
ICGC_GBM60,ZSWIM5
ICGC_GBM60,AGBL4
ICGC_GBM60,AGBL4
ICGC_GBM60,AGBL4
ICGC_GBM60,AGBL4
ICGC_GBM60,AGBL4
ICGC_GBM60,AGBL4
ICGC_GBM60,AGBL4
ICGC_GBM60,AGBL4
ICGC_GBM60,OSBPL9
ICGC_GBM60,ZFYVE9
ICGC_GBM60,ZFYVE9
ICGC_GBM60,ZFYVE9
ICGC_GBM60,ZCCHC11
ICGC_GBM60,ZCCHC11
ICGC_GBM60,ZCCHC11
ICGC_GBM60,ZCCHC11
ICGC_GBM60,ZCCHC11
ICGC_GBM60,ZCCHC11
ICGC_GBM60,ZYG11A
ICGC_GBM60,SCP2
ICGC_GBM60,USP24
ICGC_GBM60,USP24
ICGC_GBM60,C1orf168
ICGC_GBM60,C1orf168
ICGC_GBM60,C8B
ICGC_GBM60,OMA1
ICGC_GBM60,OMA1
ICGC_GBM60,FGGY
ICGC_GBM60,FGGY
ICGC_GBM60,INADL
ICGC_GBM60,INADL
ICGC_GBM60,INADL
ICGC_GBM60,DOCK7
ICGC_GBM60,DOCK7
ICGC_GBM60,ATG4C
ICGC_GBM60,ITGB3BP
ICGC_GBM60,ITGB3BP
ICGC_GBM60,UBE2U
ICGC_GBM60,CACHD1
ICGC_GBM60,AK4
ICGC_GBM60,C1orf141
ICGC_GBM60,FPGT-TNNI3K
ICGC_GBM60,TNNI3K
ICGC_GBM60,ST6GALNAC3
ICGC_GBM60,COL24A1
ICGC_GBM60,GBP2
ICGC_GBM60,GBP7
ICGC_GBM60,RP11-302M6.4
ICGC_GBM60,LRRC8D
ICGC_GBM60,RP11-302M6.4
ICGC_GBM60,ZNF644
ICGC_GBM60,ZNF644
ICGC_GBM60,EVI5
ICGC_GBM60,FAM69A
ICGC_GBM60,SLC44A3
ICGC_GBM60,DPYD
ICGC_GBM60,DPYD
ICGC_GBM60,SNX7
ICGC_GBM60,AGL
ICGC_GBM60,AGL
ICGC_GBM60,SLC35A3
ICGC_GBM60,SLC35A3
ICGC_GBM60,SLC35A3
ICGC_GBM60,CDC14A
ICGC_GBM60,COL11A1
ICGC_GBM60,BCL9
ICGC_GBM60,RABGAP1L
ICGC_GBM60,ASTN1
ICGC_GBM60,BRINP3
ICGC_GBM60,PM20D1
ICGC_GBM60,KCNH1
ICGC_GBM60,DISP1
ICGC_GBM60,DNAH14
ICGC_GBM60,PCNXL2
ICGC_GBM60,KIDINS220
ICGC_GBM60,KIDINS220
ICGC_GBM60,KIDINS220
ICGC_GBM60,THADA
ICGC_GBM60,DYNC2LI1
ICGC_GBM60,APLF
ICGC_GBM60,ELMOD3
ICGC_GBM60,ELMOD3
ICGC_GBM60,POLR1A
ICGC_GBM60,PTCD3
ICGC_GBM60,CHMP3
ICGC_GBM60,RNF103-CHMP3
ICGC_GBM60,ANKRD23
ICGC_GBM60,CNNM3
ICGC_GBM60,ANKRD36
ICGC_GBM60,INPP4A
ICGC_GBM60,SULT1C2
ICGC_GBM60,SH3RF3
ICGC_GBM60,CLASP1
ICGC_GBM60,CLASP1
ICGC_GBM60,ZNF804A
ICGC_GBM60,ZNF804A
ICGC_GBM60,ANKAR
ICGC_GBM60,C2orf88
ICGC_GBM60,C2orf88
ICGC_GBM60,HIBCH
ICGC_GBM60,MPP4
ICGC_GBM60,MPP4
ICGC_GBM60,ALS2
ICGC_GBM60,CDK15
ICGC_GBM60,NBEAL1
ICGC_GBM60,NBEAL1
ICGC_GBM60,RAPH1
ICGC_GBM60,IDH1-AS1
ICGC_GBM60,PNKD
ICGC_GBM60,SETD5
ICGC_GBM60,NUP210
ICGC_GBM60,PP2D1
ICGC_GBM60,MYRIP
ICGC_GBM60,SETD2
ICGC_GBM60,SETD2
ICGC_GBM60,SETD2
ICGC_GBM60,SETD2
ICGC_GBM60,DOCK3
ICGC_GBM60,CACNA2D3
ICGC_GBM60,CACNA2D3
ICGC_GBM60,CACNA2D3
ICGC_GBM60,CCDC66
ICGC_GBM60,FOXP1
ICGC_GBM60,PDZRN3
ICGC_GBM60,ROBO2
ICGC_GBM60,ROBO2
ICGC_GBM60,ROBO2
ICGC_GBM60,ROBO1
ICGC_GBM60,ROBO1
ICGC_GBM60,GBE1
ICGC_GBM60,GBE1
ICGC_GBM60,CLDN16
ICGC_GBM60,IL1RAP
ICGC_GBM60,IL1RAP
ICGC_GBM60,IL1RAP
ICGC_GBM60,RNF168
ICGC_GBM60,SENP5
ICGC_GBM60,APBB2
ICGC_GBM60,KCTD8
ICGC_GBM60,YIPF7
ICGC_GBM60,FRYL
ICGC_GBM60,DCUN1D4
ICGC_GBM60,DCUN1D4
ICGC_GBM60,SCFD2
ICGC_GBM60,FIP1L1
ICGC_GBM60,FIP1L1
ICGC_GBM60,LNX1
ICGC_GBM60,FIP1L1
ICGC_GBM60,LNX1
ICGC_GBM60,FIP1L1
ICGC_GBM60,FIP1L1
ICGC_GBM60,FIP1L1
ICGC_GBM60,FIP1L1
ICGC_GBM60,SRD5A3
ICGC_GBM60,SPARCL1
ICGC_GBM60,BMPR1B
ICGC_GBM60,STPG2
ICGC_GBM60,STPG2
ICGC_GBM60,C4orf17
ICGC_GBM60,MTTP
ICGC_GBM60,BANK1
ICGC_GBM60,BANK1
ICGC_GBM60,TBCK
ICGC_GBM60,CCDC109B
ICGC_GBM60,EGF
ICGC_GBM60,EGF
ICGC_GBM60,C4orf21
ICGC_GBM60,PRDM5
ICGC_GBM60,PRDM5
ICGC_GBM60,PRDM5
ICGC_GBM60,BBS7
ICGC_GBM60,SLC25A31
ICGC_GBM60,ARHGAP10
ICGC_GBM60,ARHGAP10
ICGC_GBM60,FAM160A1
ICGC_GBM60,FAM160A1
ICGC_GBM60,FAM160A1
ICGC_GBM60,DCHS2
ICGC_GBM60,DCHS2
ICGC_GBM60,RXFP1
ICGC_GBM60,RXFP1
ICGC_GBM60,RXFP1
ICGC_GBM60,C4orf45
ICGC_GBM60,TMA16
ICGC_GBM60,ANKRD33B
ICGC_GBM60,MYO10
ICGC_GBM60,MYO10
ICGC_GBM60,MYO10
ICGC_GBM60,CDH18
ICGC_GBM60,CDH18
ICGC_GBM60,CDH18
ICGC_GBM60,CDH18
ICGC_GBM60,CDH12
ICGC_GBM60,CDH12
ICGC_GBM60,CDH12
ICGC_GBM60,CDH12
ICGC_GBM60,PDZD2
ICGC_GBM60,UGT3A2
ICGC_GBM60,FAM169A
ICGC_GBM60,POLK
ICGC_GBM60,POLK
ICGC_GBM60,POLK
ICGC_GBM60,MCTP1
ICGC_GBM60,MCTP1
ICGC_GBM60,MCTP1
ICGC_GBM60,CAST
ICGC_GBM60,CTD-2215E18.1
ICGC_GBM60,LIX1
ICGC_GBM60,NREP-AS1
ICGC_GBM60,EPB41L4A
ICGC_GBM60,APC
ICGC_GBM60,TICAM2
ICGC_GBM60,TMED7-TICAM2
ICGC_GBM60,PRRC1
ICGC_GBM60,KIAA1024L
ICGC_GBM60,CTC-432M15.3
ICGC_GBM60,RAPGEF6
ICGC_GBM60,CTC-432M15.3
ICGC_GBM60,CTC-432M15.3
ICGC_GBM60,P4HA2
ICGC_GBM60,P4HA2
ICGC_GBM60,FSTL4
ICGC_GBM60,FSTL4
ICGC_GBM60,CDKL3
ICGC_GBM60,SPOCK1
ICGC_GBM60,SPOCK1
ICGC_GBM60,CTNNA1
ICGC_GBM60,RBM27
ICGC_GBM60,HTR4
ICGC_GBM60,HTR4
ICGC_GBM60,SGCD
ICGC_GBM60,HAVCR1
ICGC_GBM60,CLINT1
ICGC_GBM60,ADRA1B
ICGC_GBM60,SPDL1
ICGC_GBM60,PDLIM7
ICGC_GBM60,COL23A1
ICGC_GBM60,ADAMTS2
ICGC_GBM60,BTNL8
ICGC_GBM60,FAM83B
ICGC_GBM60,DST
ICGC_GBM60,B3GAT2
ICGC_GBM60,ZNF292
ICGC_GBM60,FBXL4
ICGC_GBM60,ASCC3
ICGC_GBM60,AGMO
ICGC_GBM60,LRRC72
ICGC_GBM60,EEPD1
ICGC_GBM60,AOAH
ICGC_GBM60,AOAH
ICGC_GBM60,GBAS
ICGC_GBM60,CALN1
ICGC_GBM60,CALN1
ICGC_GBM60,CALN1
ICGC_GBM60,SEMA3E
ICGC_GBM60,SEMA3A
ICGC_GBM60,SEMA3A
ICGC_GBM60,SEMA3A
ICGC_GBM60,CROT
ICGC_GBM60,RUNDC3B
ICGC_GBM60,ZNF804B
ICGC_GBM60,MTERF
ICGC_GBM60,AKAP9
ICGC_GBM60,AKAP9
ICGC_GBM60,CASD1
ICGC_GBM60,ARPC1B
ICGC_GBM60,SRPK2
ICGC_GBM60,RINT1
ICGC_GBM60,CDHR3
ICGC_GBM60,IMMP2L
ICGC_GBM60,TFEC
ICGC_GBM60,ST7
ICGC_GBM60,PTPRZ1
ICGC_GBM60,CALU
ICGC_GBM60,LRGUK
ICGC_GBM60,CSMD1
ICGC_GBM60,CSMD1
ICGC_GBM60,MSRA
ICGC_GBM60,C8orf12
ICGC_GBM60,SGCZ
ICGC_GBM60,CDCA2
ICGC_GBM60,UNC5D
ICGC_GBM60,ZMAT4
ICGC_GBM60,PRKDC
ICGC_GBM60,UBE2V2
ICGC_GBM60,ST18
ICGC_GBM60,NSMAF
ICGC_GBM60,NKAIN3
ICGC_GBM60,PDE7A
ICGC_GBM60,C8orf44-SGK3
ICGC_GBM60,RP11-383H13.1
ICGC_GBM60,ZFAND1
ICGC_GBM60,VPS13B
ICGC_GBM60,CSMD3
ICGC_GBM60,EIF3H
ICGC_GBM60,SLC30A8
ICGC_GBM60,ATAD2
ICGC_GBM60,FREM1
ICGC_GBM60,FAM154A
ICGC_GBM60,DENND4C
ICGC_GBM60,UNC13B
ICGC_GBM60,RP11-613M10.9
ICGC_GBM60,RP11-613M10.9
ICGC_GBM60,RP11-613M10.9
ICGC_GBM60,PRUNE2
ICGC_GBM60,ADARB2
ICGC_GBM60,ADARB2
ICGC_GBM60,AKR1C2
ICGC_GBM60,AKR1C2
ICGC_GBM60,FBXO18
ICGC_GBM60,USP6NL
ICGC_GBM60,CUBN
ICGC_GBM60,CACNB2
ICGC_GBM60,NEBL
ICGC_GBM60,NEBL
ICGC_GBM60,KIAA1217
ICGC_GBM60,ARMC4
ICGC_GBM60,ARMC4
ICGC_GBM60,SVIL
ICGC_GBM60,ARHGAP12
ICGC_GBM60,CCNY
ICGC_GBM60,SYT15
ICGC_GBM60,FRMPD2
ICGC_GBM60,PCDH15
ICGC_GBM60,PCDH15
ICGC_GBM60,ANK3
ICGC_GBM60,CTNNA3
ICGC_GBM60,CTNNA3
ICGC_GBM60,CTNNA3
ICGC_GBM60,RUFY2
ICGC_GBM60,SGPL1
ICGC_GBM60,SLC29A3
ICGC_GBM60,CDH23
ICGC_GBM60,CDH23
ICGC_GBM60,PSAP
ICGC_GBM60,MINPP1
ICGC_GBM60,RNLS
ICGC_GBM60,ANKRD22
ICGC_GBM60,KIF20B
ICGC_GBM60,HTR7
ICGC_GBM60,EXOC6
ICGC_GBM60,ARHGAP19-SLIT1
ICGC_GBM60,PYROXD2
ICGC_GBM60,CCDC147
ICGC_GBM60,RBM20
ICGC_GBM60,ATRNL1
ICGC_GBM60,MICAL2
ICGC_GBM60,ABCC8
ICGC_GBM60,USH1C
ICGC_GBM60,LUZP2
ICGC_GBM60,ANO3
ICGC_GBM60,ANO3
ICGC_GBM60,DCDC1
ICGC_GBM60,TRIM44
ICGC_GBM60,AMBRA1
ICGC_GBM60,CTNND1
ICGC_GBM60,AHNAK
ICGC_GBM60,TENM4
ICGC_GBM60,PRSS23
ICGC_GBM60,KBTBD3
ICGC_GBM60,KCNJ5
ICGC_GBM60,B4GALNT3
ICGC_GBM60,ADIPOR2
ICGC_GBM60,ANO2
ICGC_GBM60,ANO2
ICGC_GBM60,VWF
ICGC_GBM60,NANOGNB
ICGC_GBM60,PLCZ1
ICGC_GBM60,PLCZ1
ICGC_GBM60,PLEKHA5
ICGC_GBM60,PDE3A
ICGC_GBM60,ABCC9
ICGC_GBM60,TPH2
ICGC_GBM60,TRHDE
ICGC_GBM60,TRHDE
ICGC_GBM60,CCDC41
ICGC_GBM60,AACS
ICGC_GBM60,IFT88
ICGC_GBM60,ATP8A2
ICGC_GBM60,GTF3A
ICGC_GBM60,POLR1D
ICGC_GBM60,POSTN
ICGC_GBM60,FREM2
ICGC_GBM60,LCP1
ICGC_GBM60,PIBF1
ICGC_GBM60,MKRN3
ICGC_GBM60,TTBK2
ICGC_GBM60,FRMD5
ICGC_GBM60,AP4E1
ICGC_GBM60,WWOX
ICGC_GBM60,MVD
ICGC_GBM60,CPNE7
ICGC_GBM60,NXN
ICGC_GBM60,TRPV3
ICGC_GBM60,CYB5D2
ICGC_GBM60,ENO3
ICGC_GBM60,RABEP1
ICGC_GBM60,NUP88
ICGC_GBM60,RABEP1
ICGC_GBM60,KIAA0753
ICGC_GBM60,WDR16
ICGC_GBM60,MYH13
ICGC_GBM60,EPN2
ICGC_GBM60,SUPT6H
ICGC_GBM60,CRLF3
ICGC_GBM60,DGKE
ICGC_GBM60,APOH
ICGC_GBM60,GAA
ICGC_GBM60,L3MBTL4
ICGC_GBM60,PSTPIP2
ICGC_GBM60,ZNF30
ICGC_GBM60,AC002398.9
ICGC_GBM60,LIN37
ICGC_GBM60,ZNF146
ICGC_GBM60,ZNF565
ICGC_GBM60,ZNF420
ICGC_GBM60,ZNF585A
ICGC_GBM60,ZNF585B
ICGC_GBM60,ZNF569
ICGC_GBM60,MAP4K1
ICGC_GBM60,PTPRA
ICGC_GBM60,ADAMTS5
ICGC_GBM23,SDHA
ICGC_GBM23,AHRR
ICGC_GBM23,AHRR
ICGC_GBM23,CEP72
ICGC_GBM23,CEP72
ICGC_GBM23,CEP72
ICGC_GBM23,CEP72
ICGC_GBM23,TPPP
ICGC_GBM23,TPPP
ICGC_GBM23,ZDHHC11
ICGC_GBM23,ADCY2
ICGC_GBM23,ADCY2
ICGC_GBM23,ZNF622
ICGC_GBM23,CDH12
ICGC_GBM23,CDH12
ICGC_GBM23,CDH12
ICGC_GBM23,MPDZ
ICGC_GBM23,TTC39B
ICGC_GBM23,CCDC171
ICGC_GBM23,FOCAD
ICGC_GBM23,RP11-145E5.5
ICGC_GBM23,DDX58
ICGC_GBM23,FRMPD1
ICGC_GBM23,RP11-613M10.9
ICGC_GBM23,STRBP
ICGC_GBM23,WNK1
ICGC_GBM23,VWF
ICGC_GBM23,PTPRO
ICGC_GBM23,DERA
ICGC_GBM23,DERA
ICGC_GBM23,DERA
ICGC_GBM23,RERGL
ICGC_GBM23,ITPR2
ICGC_GBM23,ITPR2
ICGC_GBM23,MMP17
ICGC_GBM23,CLTCL1
ICGC_GBM23,IGLL1
ICGC_GBM1,DCST2
ICGC_GBM1,TFG
ICGC_GBM1,COL21A1
ICGC_GBM1,DST
ICGC_GBM1,DST
ICGC_GBM1,ZHX2
ICGC_GBM1,TBC1D31
ICGC_GBM1,TBC1D31
ICGC_GBM1,TBC1D31
ICGC_GBM1,EFR3A
ICGC_GBM1,KCNQ3
ICGC_GBM1,KCNQ3
ICGC_GBM1,TG
ICGC_GBM1,RP11-145E5.5
ICGC_GBM1,RP11-58E21.5
ICGC_GBM1,RP11-58E21.7
ICGC_GBM1,DCAF5
ICGC_GBM1,GALNT16
ICGC_GBM1,ULK2
ICGC_GBM1,OSBPL7
ICGC_GBM1,EME1
ICGC_GBM1,LRRC59
ICGC_GBM1,CACNA1G
ICGC_GBM1,CACNA1G
ICGC_GBM1,CACNA1G
ICGC_GBM1,RBFOX3
ICGC_GBM1,TBC1D16
ICGC_GBM1,TBC1D16
ICGC_GBM1,CARD14
ICGC_GBM1,SECTM1
ICGC_GBM1,TBCD
ICGC_GBM1,TBCD
ICGC_GBM1,B3GNTL1
ICGC_GBM1,B3GNTL1
ICGC_GBM1,USP14
ICGC_GBM1,USP14
ICGC_GBM1,COLEC12
ICGC_GBM1,GNAL
ICGC_GBM1,CHST9
ICGC_GBM46,ADORA3
ICGC_GBM46,ITSN2
ICGC_GBM46,GALNT14
ICGC_GBM46,CAPN14
ICGC_GBM46,NSUN3
ICGC_GBM46,ZPLD1
ICGC_GBM46,ATP2C1
ICGC_GBM46,NMNAT3
ICGC_GBM46,CLRN1
ICGC_GBM46,SLC6A18
ICGC_GBM46,UTRN
ICGC_GBM46,MTUS1
ICGC_GBM46,KCNU1
ICGC_GBM46,KDM4C
ICGC_GBM46,ANK3
ICGC_GBM46,TTC6
ICGC_GBM46,CORO7
ICGC_GBM46,CORO7-PAM16
ICGC_GBM46,SYNRG
ICGC_GBM26,EFCAB7
ICGC_GBM26,ITGB3BP
ICGC_GBM26,EFCAB7
ICGC_GBM26,ITGB3BP
ICGC_GBM26,CACHD1
ICGC_GBM26,RAVER2
ICGC_GBM26,WDR78
ICGC_GBM26,WDR78
ICGC_GBM26,WLS
ICGC_GBM26,MROH9
ICGC_GBM26,SMYD3
ICGC_GBM26,ARL13B
ICGC_GBM26,RABL3
ICGC_GBM26,PARP15
ICGC_GBM26,SEMA5B
ICGC_GBM26,SEMA5B
ICGC_GBM26,PDIA5
ICGC_GBM26,PODXL2
ICGC_GBM26,NEK11
ICGC_GBM26,CPNE4
ICGC_GBM26,CPNE4
ICGC_GBM26,CPNE4
ICGC_GBM26,NPHP3
ICGC_GBM26,NPHP3
ICGC_GBM26,SLCO2A1
ICGC_GBM26,SLCO2A1
ICGC_GBM26,SLCO2A1
ICGC_GBM26,CEP63
ICGC_GBM26,CEP63
ICGC_GBM26,PLCH1
ICGC_GBM26,KNG1
ICGC_GBM26,LPP
ICGC_GBM26,ATP13A4
ICGC_GBM26,RP11-447L10.1
ICGC_GBM26,RP11-447L10.1
ICGC_GBM26,TCTEX1D2
ICGC_GBM26,PRSS12
ICGC_GBM26,ARL15
ICGC_GBM26,ERCC8
ICGC_GBM26,FER
ICGC_GBM26,FER
ICGC_GBM26,FER
ICGC_GBM26,TMEM232
ICGC_GBM26,TMEM232
ICGC_GBM26,TMEM232
ICGC_GBM26,TMEM232
ICGC_GBM26,TMEM232
ICGC_GBM26,TMEM232
ICGC_GBM26,CAMK4
ICGC_GBM26,CAMK4
ICGC_GBM26,CAMK4
ICGC_GBM26,NREP
ICGC_GBM26,NREP-AS1
ICGC_GBM26,EPB41L4A
ICGC_GBM26,EPB41L4A
ICGC_GBM26,YTHDC2
ICGC_GBM26,CHSY3
ICGC_GBM26,CTC-432M15.3
ICGC_GBM26,RAPGEF6
ICGC_GBM26,CTC-432M15.3
ICGC_GBM26,P4HA2
ICGC_GBM26,P4HA2
ICGC_GBM26,P4HA2
ICGC_GBM26,FSTL4
ICGC_GBM26,FSTL4
ICGC_GBM26,SPOCK1
ICGC_GBM26,NME5
ICGC_GBM26,DIAPH1
ICGC_GBM26,ATXN1
ICGC_GBM26,RP11-463D19.2
ICGC_GBM26,KDM4C
ICGC_GBM26,MOB3B
ICGC_GBM26,MOB3B
ICGC_GBM26,CDH23
ICGC_GBM26,VDAC2
ICGC_GBM26,C10orf11
ICGC_GBM26,C10orf11
ICGC_GBM26,TLX1NB
ICGC_GBM26,TACC2
ICGC_GBM26,TACC2
ICGC_GBM26,TACC2
ICGC_GBM26,TACC2
ICGC_GBM26,TACC2
ICGC_GBM26,TACC2
ICGC_GBM26,TACC2
ICGC_GBM26,TACC2
ICGC_GBM26,BTBD16
ICGC_GBM26,BTBD16
ICGC_GBM26,BTBD16
ICGC_GBM26,CUZD1
ICGC_GBM26,FAM24B
ICGC_GBM26,C10orf88
ICGC_GBM26,CPXM2
ICGC_GBM26,RP11-12J10.3
ICGC_GBM26,C10orf90
ICGC_GBM26,C10orf90
ICGC_GBM26,DOCK1
ICGC_GBM26,DOCK1
ICGC_GBM26,FAM196A
ICGC_GBM26,DOCK1
ICGC_GBM26,DOCK1
ICGC_GBM26,INPP5A
ICGC_GBM26,INPP5A
ICGC_GBM26,VENTX
ICGC_GBM26,TUBGCP2
ICGC_GBM26,SPRN
ICGC_GBM26,OR4N2
ICGC_GBM26,OSGEP
ICGC_GBM26,OSGEP
ICGC_GBM26,OSGEP
ICGC_GBM26,DHRS4L2
ICGC_GBM26,ADCY4
ICGC_GBM26,RP11-934B9.3
ICGC_GBM26,NYNRIN
ICGC_GBM26,TTC6
ICGC_GBM26,DMXL2
ICGC_GBM26,DMXL2
ICGC_GBM26,UNC13C
ICGC_GBM26,TCF12
ICGC_GBM26,TCF12
ICGC_GBM26,TCF12
ICGC_GBM26,CGNL1
ICGC_GBM26,GCOM1
ICGC_GBM26,MYZAP
ICGC_GBM26,GCOM1
ICGC_GBM26,MYZAP
ICGC_GBM26,GCOM1
ICGC_GBM26,MYZAP
ICGC_GBM26,LUC7L
ICGC_GBM26,ARHGDIG
ICGC_GBM26,AXIN1
ICGC_GBM26,SLX4
ICGC_GBM26,ABR
ICGC_GBM26,ABR
ICGC_GBM26,RTN4RL1
ICGC_GBM26,SMG6
ICGC_GBM26,ASPA
ICGC_GBM26,SPATA22
ICGC_GBM26,RCVRN
ICGC_GBM26,ADAP2
ICGC_GBM26,YES1
ICGC_GBM26,SMCHD1
ICGC_GBM26,MYOM1
ICGC_GBM26,ZNF585B
ICGC_GBM26,ZFP30
ICGC_GBM26,ZFP30
ICGC_GBM26,TAF4
ICGC_GBM26,OSBPL2
ICGC_GBM26,OSBPL2
ICGC_GBM26,OSBPL2
ICGC_GBM26,TCFL5
ICGC_GBM51,CMYA5
ICGC_GBM15,PLEKHG5
ICGC_GBM15,GLDC
ICGC_GBM15,FOCAD
ICGC_GBM15,ADAMTS20
ICGC_GBM15,TSPAN8
ICGC_GBM15,METTL25
ICGC_GBM15,METTL25
ICGC_GBM15,METAP2
ICGC_GBM15,SART3
ICGC_GBM15,ATXN2
ICGC_GBM22,GON4L
ICGC_GBM22,OPTC
ICGC_GBM22,ADCY2
ICGC_GBM22,KCNK18
ICGC_GBM22,TSPAN9
ICGC_GBM63,EPHA6
ICGC_GBM63,EPHA6
ICGC_GBM63,PLD1
ICGC_GBM63,TMEM212
ICGC_GBM63,LPP
ICGC_GBM63,TPRG1
ICGC_GBM63,TPRG1
ICGC_GBM63,SPINK5
ICGC_GBM63,VPS13B
ICGC_GBM63,VPS13B
ICGC_GBM63,PKHD1L1
ICGC_GBM63,CUEDC1
ICGC_GBM63,NAT9
ICGC_GBM59,LRP1B
ICGC_GBM59,LRP1B
ICGC_GBM59,C4orf22
ICGC_GBM59,STPG2
ICGC_GBM59,SLC6A19
ICGC_GBM59,SLC6A18
ICGC_GBM59,ADCY2
ICGC_GBM59,ADCY2
ICGC_GBM59,ADCY2
ICGC_GBM59,DUSP22
ICGC_GBM59,FARS2
ICGC_GBM59,FARS2
ICGC_GBM59,GMPR
ICGC_GBM59,KIF6
ICGC_GBM59,MOCS1
ICGC_GBM59,GPR110
ICGC_GBM59,BAI3
ICGC_GBM59,RP3-331H24.5
ICGC_GBM59,SNX14
ICGC_GBM59,SNX14
ICGC_GBM59,SNX14
ICGC_GBM59,ASCC3
ICGC_GBM59,CEP57L1
ICGC_GBM59,DDO
ICGC_GBM59,TRMT11
ICGC_GBM59,CNKSR3
ICGC_GBM59,CSMD1
ICGC_GBM59,ATP8A2
ICGC_GBM59,RFC3
ICGC_GBM59,CLTCL1
ICGC_GBM59,TNRC6B
ICGC_GBM96,SI
ICGC_GBM96,CDKAL1
ICGC_GBM96,ZNF365
ICGC_GBM53,EPHA6
ICGC_GBM53,EPHA6
ICGC_GBM53,ZBBX
ICGC_GBM53,TNIK
ICGC_GBM53,FIP1L1
ICGC_GBM53,LNX1
ICGC_GBM53,EXOC1
ICGC_GBM53,PHF14
ICGC_GBM53,ABCB5
ICGC_GBM53,CRHR2
ICGC_GBM53,CRHR2
ICGC_GBM53,INMT-FAM188B
ICGC_GBM53,AVL9
ICGC_GBM53,BBS9
ICGC_GBM53,POU6F2
ICGC_GBM53,VOPP1
ICGC_GBM53,SRPK2
ICGC_GBM53,CSMD1
ICGC_GBM53,KCNQ1
ICGC_GBM53,JPH3
ICGC_GBM79,DNAH6
ICGC_GBM79,LARP1B
ICGC_GBM79,LARP1B
ICGC_GBM79,SCOC
ICGC_GBM79,ATP8A2
ICGC_GBM25,MAD1L1
ICGC_GBM57,CADPS2
ICGC_GBM57,PTEN
ICGC_GBM57,CECR2
ICGC_GBM44,SPEN
ICGC_GBM44,PARD3B
ICGC_GBM44,BMPR1B
ICGC_GBM44,PCNX
ICGC_GBM44,MTA1
ICGC_GBM44,TEX22
ICGC_GBM33,HSD17B4
ICGC_GBM33,PSMG4
ICGC_GBM33,KCND2
ICGC_GBM33,GALNT11
ICGC_GBM33,LMBR1
ICGC_GBM33,UBE3C
ICGC_GBM33,UBE3C
ICGC_GBM33,ATP6V0D2
ICGC_GBM33,CNBD1
ICGC_GBM33,CDH23
ICGC_GBM33,DIAPH3
ICGC_GBM33,RBBP8
ICGC_GBM28,CCDC30
ICGC_GBM28,FRYL
ICGC_GBM28,PLEKHG4B
ICGC_GBM28,EXOC2
ICGC_GBM28,OR5V1
ICGC_GBM28,CRIP3
ICGC_GBM28,SLC22A7
ICGC_GBM28,TJAP1
ICGC_GBM28,CENPP
ICGC_GBM28,TRIM5
ICGC_GBM28,ARHGAP1
ICGC_GBM28,LRP4
ICGC_GBM28,PRCP
ICGC_GBM28,ITPR2
ICGC_GBM28,ITPR2
ICGC_GBM28,ITPR2
ICGC_GBM28,SMCO2
ICGC_GBM28,PKP2
ICGC_GBM28,EP400
ICGC_GBM28,RP11-298I3.5
ICGC_GBM28,TM9SF1
ICGC_GBM28,MOK
ICGC_GBM28,RP11-108K3.1
ICGC_GBM28,BCKDHA
ICGC_GBM28,CTC-435M10.3
ICGC_GBM9,CAMK4
ICGC_GBM9,GSTK1
ICGC_GBM9,RCN1
ICGC_GBM9,FAT3
ICGC_GBM9,SLC36A4
ICGC_GBM9,SLC36A4
ICGC_GBM9,TK1
ICGC_GBM45,ASAP2
ICGC_GBM45,CYS1
ICGC_GBM45,C2orf48
ICGC_GBM45,AC062028.1
ICGC_GBM45,ROCK2
ICGC_GBM45,GREB1
ICGC_GBM45,LPIN1
ICGC_GBM45,AC011897.2
ICGC_GBM45,NBAS
ICGC_GBM45,NBAS
ICGC_GBM45,COL6A3
ICGC_GBM45,SH3BP5
ICGC_GBM45,DCUN1D4
ICGC_GBM45,SPINK2
ICGC_GBM45,WDR17
ICGC_GBM45,FRG1
ICGC_GBM45,C5orf42
ICGC_GBM45,SDK1
ICGC_GBM45,HUS1
ICGC_GBM45,ABCA13
ICGC_GBM45,DDC
ICGC_GBM45,KIAA1217
ICGC_GBM45,VWF
ICGC_GBM45,COL4A2
ICGC_GBM45,STON2
ICGC_GBM45,FMN1
ICGC_GBM45,CRHR1
ICGC_GBM45,CERS4
ICGC_GBM45,MAST3
ICGC_GBM19,LAMA2
ICGC_GBM19,NPSR1
ICGC_GBM11,INADL
ICGC_GBM11,NFASC
ICGC_GBM11,ATP13A5
ICGC_GBM11,DCDC2
ICGC_GBM11,SLC17A1
ICGC_GBM11,SUN1
ICGC_GBM11,CHN2
ICGC_GBM11,CPVL
ICGC_GBM11,AVL9
ICGC_GBM11,RP9
ICGC_GBM11,HERPUD2
ICGC_GBM11,MAGI2
ICGC_GBM11,MAGI2
ICGC_GBM11,ZNF804B
ICGC_GBM11,ASB4
ICGC_GBM11,ZCWPW1
ICGC_GBM11,KCND2
ICGC_GBM11,CADPS2
ICGC_GBM11,CNTNAP2
ICGC_GBM11,KMT2C
ICGC_GBM11,CAPN5
ICGC_GBM11,C2CD5
ICGC_GBM11,IFLTD1
ICGC_GBM11,RB1
ICGC_GBM11,RIOK3
ICGC_GBM11,SLC39A6
ICGC_GBM11,AC004076.9
ICGC_GBM30,ZNF804A
ICGC_GBM30,ZNF804A
ICGC_GBM30,USP25
ICGC_GBM7,OR4N2
ICGC_GBM7,TOX4
ICGC_GBM7,EFS
ICGC_GBM7,NGDN
ICGC_GBM7,FAM177A1
ICGC_GBM7,PPP2R3C
ICGC_GBM7,FAM177A1
ICGC_GBM7,PPP2R3C
ICGC_GBM7,FAM177A1
ICGC_GBM7,PPP2R3C
ICGC_GBM7,KIAA0391
ICGC_GBM7,RALGAPA1
ICGC_GBM7,SLC25A21
ICGC_GBM7,MIPOL1
ICGC_GBM7,TXNDC16
ICGC_GBM7,FBXO34
ICGC_GBM7,FBXO34
ICGC_GBM7,GALK2
ICGC_GBM7,ATP8B4
ICGC_GBM7,ATP8B4
ICGC_GBM7,USP50
ICGC_GBM7,RP11-108K3.1
ICGC_GBM7,CYP19A1
ICGC_GBM7,RP11-108K3.1
ICGC_GBM7,GLDN
ICGC_GBM7,DMXL2
ICGC_GBM7,UNC13C
ICGC_GBM7,UNC13C
ICGC_GBM7,UNC13C
ICGC_GBM7,TMEM259
ICGC_GBM7,PCSK4
ICGC_GBM7,GNG7
ICGC_GBM7,TJP3
ICGC_GBM7,PTPRS
ICGC_GBM7,ACSBG2
ICGC_GBM7,INSR
ICGC_GBM7,ARHGEF18
ICGC_GBM7,CTD-2207O23.3
ICGC_GBM7,CARM1
ICGC_GBM7,SMARCA4
ICGC_GBM7,CTD-2006C1.10
ICGC_GBM7,ZNF433
ICGC_GBM7,ZNF20
ICGC_GBM7,ZNF788
ICGC_GBM7,CTD-2192J16.20
ICGC_GBM7,CACNA1A
ICGC_GBM7,ARMC6
ICGC_GBM7,ZNF429
ICGC_GBM7,KIRREL2
ICGC_GBM7,NPHS1
ICGC_GBM7,CTD-2528L19.4
ICGC_GBM7,ZNF573
ICGC_GBM7,TMPRSS15
ICGC_GBM52,CUBN
ICGC_GBM52,CUBN
ICGC_GBM52,SVIL
ICGC_GBM52,ADAMTS14
ICGC_GBM52,VCL
ICGC_GBM52,ADK
ICGC_GBM52,HTR7
ICGC_GBM52,PLCE1
ICGC_GBM52,TBC1D12
ICGC_GBM52,FLYWCH1
ICGC_GBM52,ADCY9
ICGC_GBM52,NUBP1
ICGC_GBM52,TVP23A
ICGC_GBM52,MKL2
ICGC_GBM52,MKL2
ICGC_GBM52,MKL2
ICGC_GBM52,GGA2
ICGC_GBM52,BEAN1
ICGC_GBM52,DYM
ICGC_GBM52,CCDC11
ICGC_GBM52,CCDC11
ICGC_GBM52,TCF4
ICGC_GBM52,MYO18B
ICGC_GBM52,BPIFC
ICGC_GBM52,FBXO7
ICGC_GBM18,BMP2K
ICGC_GBM18,MGA
ICGC_GBM16,OMA1
ICGC_GBM16,ROBO2
ICGC_GBM16,CDH18
ICGC_GBM16,KIAA0020
ICGC_GBM16,LRRK2
ICGC_GBM16,RP11-302B13.5
ICGC_GBM16,DIP2B
ICGC_GBM16,ANKS1B
ICGC_GBM16,PIK3R2
ICGC_GBM16,ATP1A3
ICGC_GBM74,SCFD2
ICGC_GBM74,FIP1L1
ICGC_GBM74,LNX1
ICGC_GBM74,FIP1L1
ICGC_GBM74,PAICS
ICGC_GBM74,TMPRSS11A
ICGC_GBM74,TMPRSS11A
ICGC_GBM74,CTNNAL1
ICGC_GBM74,CTNNAL1
ICGC_GBM74,CNTRL
ICGC_GBM74,CNTRL
ICGC_GBM74,RP4-788L20.3
ICGC_GBM85,RP11-613M10.9
ICGC_GBM85,NUP214
ICGC_GBM85,NXN
ICGC_GBM85,ANKFY1
ICGC_GBM17,ACOT7
ICGC_GBM17,MERTK
ICGC_GBM17,ZC3H8
ICGC_GBM17,MAP3K19
ICGC_GBM17,ARHGAP15
ICGC_GBM17,ARHGAP15
ICGC_GBM17,GTDC1
ICGC_GBM17,CACNB4
ICGC_GBM17,DPP4
ICGC_GBM17,GCA
ICGC_GBM17,PDE11A
ICGC_GBM17,PDE11A
ICGC_GBM17,KCNH8
ICGC_GBM17,KCNH8
ICGC_GBM17,KCNH8
ICGC_GBM17,GBE1
ICGC_GBM17,SRD5A3
ICGC_GBM17,EXOC1
ICGC_GBM17,RASGEF1B
ICGC_GBM17,FAM175A
ICGC_GBM17,AGPAT9
ICGC_GBM17,HPGDS
ICGC_GBM17,PAPSS1
ICGC_GBM17,CSMD1
ICGC_GBM17,RNF135
ICGC_GBM17,RP11-683L23.1
ICGC_GBM17,PIEZO2
ICGC_GBM17,MTMR3
ICGC_GBM5,SNED1
ICGC_GBM5,CDADC1
ICGC_GBM5,ATP7B
ICGC_GBM5,F10
ICGC_GBM65,GAP43
ICGC_GBM65,CCDC39
ICGC_GBM65,TRIO
ICGC_GBM65,MAD1L1
ICGC_GBM65,SDK1
ICGC_GBM65,COL28A1
ICGC_GBM65,SCIN
ICGC_GBM65,SCIN
ICGC_GBM65,SCIN
ICGC_GBM65,TWISTNB
ICGC_GBM65,AQP1
ICGC_GBM65,INMT-FAM188B
ICGC_GBM65,AQP1
ICGC_GBM65,BBS9
ICGC_GBM65,VPS41
ICGC_GBM65,VPS41
ICGC_GBM65,VPS41
ICGC_GBM65,POU6F2
ICGC_GBM65,VOPP1
ICGC_GBM65,VOPP1
ICGC_GBM65,GBAS
ICGC_GBM65,SUMF2
ICGC_GBM65,SUMF2
ICGC_GBM65,ANO3
ICGC_GBM65,BDNF-AS
ICGC_GBM65,NUP37
ICGC_GBM65,C14orf23
ICGC_GBM65,FAM179B
ICGC_GBM65,PYGL
ICGC_GBM65,FRMD6
ICGC_GBM65,FRMD6
ICGC_GBM65,DLGAP5
ICGC_GBM65,SLC38A6
ICGC_GBM65,ATG2B
ICGC_GBM65,RP11-73M18.2
ICGC_GBM65,RP11-73M18.2
ICGC_GBM65,ZFYVE21
ICGC_GBM65,TDRD9
ICGC_GBM65,URI1
ICGC_GBM65,ZNF550
ICGC_GBM65,TIAM1
ICGC_GBM65,TMPRSS3
ICGC_GBM65,MCM3AP
ICGC_GBM55,MAST2
ICGC_GBM55,MDM1
ICGC_GBM55,CACNA1A
ICGC_GBM55,LEUTX
ICGC_GBM55,GNB1L
ICGC_GBM67,PLS1
ICGC_GBM67,ANKUB1
ICGC_GBM67,RNF13
ICGC_GBM67,PFN2
ICGC_GBM67,STAP1
ICGC_GBM67,SLIT3
ICGC_GBM67,EYS
ICGC_GBM67,EYS
ICGC_GBM67,EYS
ICGC_GBM67,GLIS3
ICGC_GBM67,GLIS3
ICGC_GBM67,PTPLAD2
ICGC_GBM67,ANHX
ICGC_GBM48,SLC44A3
ICGC_GBM48,BCL9
ICGC_GBM48,ZNF717
ICGC_GBM48,THSD7A
ICGC_GBM48,SCIN
ICGC_GBM48,ABCB5
ICGC_GBM48,MALSU1
ICGC_GBM48,TNS3
ICGC_GBM48,PSPH
ICGC_GBM48,WBSCR17
ICGC_GBM48,WBSCR17
ICGC_GBM48,CALN1
ICGC_GBM48,PTPN12
ICGC_GBM48,SEMA3A
ICGC_GBM48,ABCB4
ICGC_GBM48,AKAP2
ICGC_GBM48,PALM2-AKAP2
ICGC_GBM48,ITGBL1
ICGC_GBM48,XYLT1
ICGC_GBM48,TP53
ICGC_GBM48,MYOM1
ICGC_GBM48,MYOM1
ICGC_GBM48,SLC24A3
ICGC_GBM48,SLC24A3
ICGC_GBM48,WFDC9
ICGC_GBM48,EYA2
ICGC_GBM48,ZMYND8
ICGC_GBM48,PTGIS
ICGC_GBM42,PCNP
ICGC_GBM42,CEP97
ICGC_GBM42,SYNE2
ICGC_GBM43,C7
ICGC_GBM43,C7
ICGC_GBM43,ZNF804B
ICGC_GBM43,C7orf63
ICGC_GBM43,SAMD9
ICGC_GBM43,HEPACAM2
ICGC_GBM43,ST7
ICGC_GBM43,KCND2
ICGC_GBM43,PTPRZ1
ICGC_GBM43,CADPS2
ICGC_GBM43,ASB15
ICGC_GBM43,KBTBD4
ICGC_GBM43,NDUFS3
ICGC_GBM43,SLC25A21
ICGC_GBM43,MRC2
ICGC_GBM38,DPP4
ICGC_GBM38,EPHA6
ICGC_GBM38,EPHA6
ICGC_GBM38,EPHA6
ICGC_GBM38,PIK3R4
ICGC_GBM38,WDR19
ICGC_GBM38,TET2
ICGC_GBM38,SLC6A18
ICGC_GBM38,CLPTM1L
ICGC_GBM38,CCDC152
ICGC_GBM38,CCDC152
ICGC_GBM38,FGF10
ICGC_GBM38,SMCO4
ICGC_GBM38,C12orf55
ICGC_GBM38,HECTD4
ICGC_GBM38,KSR1
ICGC_GBM38,KSR1
ICGC_GBM38,FOXN1
ICGC_GBM38,PIPOX
ICGC_GBM38,NUFIP2
ICGC_GBM38,EFCAB5
ICGC_GBM38,UTP6
ICGC_GBM38,MYO1D
ICGC_GBM38,MYO1D
ICGC_GBM38,ASIC2
ICGC_GBM38,ASIC2
ICGC_GBM38,RAD51L3-RFFL
ICGC_GBM38,FNDC8
ICGC_GBM38,PLCD3
ICGC_GBM38,CRHR1
ICGC_GBM38,EFCAB13
ICGC_GBM38,ITGB3
ICGC_GBM38,SKAP1
ICGC_GBM38,SKAP1
ICGC_GBM38,HOXB3
ICGC_GBM38,CA10
ICGC_GBM38,SCPEP1
ICGC_GBM38,LPO
ICGC_GBM38,OTOP3
ICGC_GBM38,GGA3
ICGC_GBM38,LLGL2
ICGC_GBM38,RECQL5
ICGC_GBM38,RBFOX3
ICGC_GBM38,SLC38A10
ICGC_GBM38,MACROD2
ICGC_GBM38,POFUT1
ICGC_GBM38,BPI
ICGC_GBM38,BPI
ICGC_GBM12,ALPK1
ICGC_GBM12,SLC47A1
ICGC_GBM12,SLC47A1
ICGC_GBM12,KSR1
ICGC_GBM12,KSR1
ICGC_GBM12,KSR1
ICGC_GBM12,KSR1
ICGC_GBM12,NOS2
ICGC_GBM12,NOS2
ICGC_GBM12,NOS2
ICGC_GBM12,NF1
ICGC_GBM12,TEX14
ICGC_GBM12,RAD51C
ICGC_GBM12,RAD51C
ICGC_GBM12,RAD51C
ICGC_GBM12,PPM1E
ICGC_GBM12,TRIM37
ICGC_GBM12,CTD-2319I12.2
ICGC_GBM32,EML6
ICGC_GBM32,REEP1
ICGC_GBM32,SULT1C3
ICGC_GBM32,EPB41L5
ICGC_GBM32,KCNIP4
ICGC_GBM32,SMIM20
ICGC_GBM32,GRM6
ICGC_GBM32,OGDH
ICGC_GBM32,OGDH
ICGC_GBM32,COBL
ICGC_GBM32,HGF
ICGC_GBM32,HGF
ICGC_GBM32,ZMAT4
ICGC_GBM32,CNGB3
ICGC_GBM32,RP11-127H5.1
ICGC_GBM32,KDM4C
ICGC_GBM32,PTPLA
ICGC_GBM32,KIAA1217
ICGC_GBM32,TAS2R14
ICGC_GBM32,SLC15A5
ICGC_GBM32,ADAMTS20
ICGC_GBM32,PCED1B
ICGC_GBM32,PCED1B
ICGC_GBM32,DIP2B
ICGC_GBM32,RB1
ICGC_GBM32,RB1
ICGC_GBM32,MCF2L
ICGC_GBM32,MAPKBP1
ICGC_GBM32,KCTD19
ICGC_GBM32,USP14
ICGC_GBM32,TGIF1
ICGC_GBM32,PLIN4
ICGC_GBM32,KDM4B
ICGC_GBM32,ACER1
ICGC_GBM32,CILP2
ICGC_GBM32,PRODH2
ICGC_GBM32,PRODH2
ICGC_GBM32,ZNF793
ICGC_GBM32,CTC-360G5.8
ICGC_GBM32,FBXO17
ICGC_GBM32,SARS2
ICGC_GBM32,FBXO17
ICGC_GBM32,SUPT5H
ICGC_GBM32,BCKDHA
ICGC_GBM32,CTC-435M10.3
ICGC_GBM32,BCKDHA
ICGC_GBM32,CTC-435M10.3
ICGC_GBM32,PVR
ICGC_GBM32,ANGPT4
ICGC_GBM32,KIAA1671
ICGC_GBM32,CELSR1
ICGC_GBM82,GSTM3
ICGC_GBM82,GSTM5
ICGC_GBM82,C6orf195
ICGC_GBM82,ZNF138
ICGC_GBM82,DPP6
ICGC_GBM82,DPP6
ICGC_GBM82,CSMD1
ICGC_GBM82,ENO2
ICGC_GBM82,BCL2L14
ICGC_GBM82,RECQL
ICGC_GBM82,RECQL
ICGC_GBM82,SPTBN5
ICGC_GBM82,SPTBN5
ICGC_GBM62,NBAS
ICGC_GBM62,NBAS
ICGC_GBM62,NBAS
ICGC_GBM62,NBAS
ICGC_GBM62,NBAS
ICGC_GBM62,NBAS
ICGC_GBM62,SMC6
ICGC_GBM62,SMC6
ICGC_GBM62,MSRA
ICGC_GBM62,MSRA
ICGC_GBM62,RIMS2
ICGC_GBM62,ZNF256
ICGC_GBM24,CEP63
ICGC_GBM24,PRSS12
ICGC_GBM24,ANXA5
ICGC_GBM24,CCNA2
ICGC_GBM24,BBS7
ICGC_GBM24,BBS7
ICGC_GBM24,KIAA1109
ICGC_GBM24,ANKDD1B
ICGC_GBM24,DDX58
ICGC_GBM24,DUSP13
ICGC_GBM24,SAMD8
ICGC_GBM24,C10orf11
ICGC_GBM24,C10orf11
ICGC_GBM24,C10orf11
ICGC_GBM24,C10orf11
ICGC_GBM24,C10orf11
ICGC_GBM24,PTEN
ICGC_GBM24,FARP1
ICGC_GBM27,TFAM
ICGC_GBM27,ZNF891
ICGC_GBM27,TCF12
ICGC_GBM27,TCF12
ICGC_GBM34,BTBD8
ICGC_GBM34,ULK4
ICGC_GBM34,CALN1
ICGC_GBM34,CLDN4
ICGC_GBM34,RP11-145E5.5
ICGC_GBM34,MOB3B
ICGC_GBM34,FBXO10
ICGC_GBM34,RP11-613M10.8
ICGC_GBM34,TJP2
ICGC_GBM34,AK8
ICGC_GBM34,EHMT1
ICGC_GBM34,CUL2
ICGC_GBM34,PLEKHS1
ICGC_GBM34,ATRNL1
ICGC_GBM34,CUZD1
ICGC_GBM34,FAM24B
ICGC_GBM34,ERC1
ICGC_GBM34,BCL2L14
ICGC_GBM34,DAO
ICGC_GBM36,CCDC171
ICGC_GBM36,MTAP
ICGC_GBM36,RP11-145E5.5
ICGC_GBM36,GANC
