ICGC_GBM2,PARVA
ICGC_GBM13,CA12
ICGC_GBM58,HGFAC
ICGC_GBM58,LRRC20
ICGC_GBM54,BRDT
ICGC_GBM54,FLNC
ICGC_GBM98,MIER1
ICGC_GBM98,NOP14-AS1
ICGC_GBM6,FBXO11
ICGC_GBM6,MSH6
ICGC_GBM1,ZKSCAN2
ICGC_GBM1,EFTUD2
ICGC_GBM46,MFSD12
ICGC_GBM26,AGAP1
ICGC_GBM51,VWA7
ICGC_GBM63,ALG6
ICGC_GBM59,PRR18
ICGC_GBM96,TYW3
ICGC_GBM96,LCN10
ICGC_GBM53,ZSCAN16-AS1
ICGC_GBM79,GJB7
ICGC_GBM25,ELMO3
ICGC_GBM57,SLC25A18
ICGC_GBM44,GORASP1
ICGC_GBM9,PADI4
ICGC_GBM9,AQP11
ICGC_GBM9,PLXDC1
ICGC_GBM9,KIAA0195
ICGC_GBM45,SLC25A34
ICGC_GBM45,MRPS17
ICGC_GBM45,SLC10A2
ICGC_GBM11,USP35
ICGC_GBM11,GSE1
ICGC_GBM7,SPAG8
ICGC_GBM7,GRIN2C
ICGC_GBM18,ADRA1A
ICGC_GBM16,EZR
ICGC_GBM85,ERV3-1
ICGC_GBM85,ZNF117
ICGC_GBM85,SIGLEC1
ICGC_GBM65,MGRN1
ICGC_GBM55,RP11-126K1.6
ICGC_GBM55,IL4I1
ICGC_GBM12,CCDC146
ICGC_GBM12,YIPF2
ICGC_GBM32,MYH1
ICGC_GBM82,DCLRE1C
ICGC_GBM83,SLC22A2
ICGC_GBM83,VOPP1
ICGC_GBM83,MRPS17
ICGC_GBM83,GSG2
ICGC_GBM83,PPHLN1
ICGC_GBM62,WLS
ICGC_GBM62,PCDHB13
ICGC_GBM62,SLC22A2
ICGC_GBM62,RECQL4
ICGC_GBM34,MYRIP
ICGC_GBM34,DNAJC5
ICGC_GBM36,TLR1
