ICGC_GBM31,SPAG1
ICGC_GBM98,TANC1
ICGC_GBM98,EDEM2
ICGC_GBM98,SYT17
ICGC_GBM98,CLUL1
ICGC_GBM84,PTPRQ
ICGC_GBM84,CPSF4L
ICGC_GBM97,SCAPER
ICGC_GBM6,STOX1
ICGC_GBM6,HOXB3
ICGC_GBM6,MACROD2
ICGC_GBM67_xten,UEVLD
ICGC_GBM60,L3MBTL4
ICGC_GBM46,MCF2L2
ICGC_GBM26,USP3
ICGC_GBM51,ZKSCAN1
ICGC_GBM51,CCDC67
ICGC_GBM15,MBNL1
ICGC_GBM15,CBWD1
ICGC_GBM59,PDE4DIP
ICGC_GBM59,NT5DC1
ICGC_GBM59,OR4F17
ICGC_GBM96,CCDC91
ICGC_GBM79,C7
ICGC_GBM79,C7
ICGC_GBM25,RP11-388K12.1
ICGC_GBM28,CCDC30
ICGC_GBM28,MOB3A
ICGC_GBM45,ARHGAP10
ICGC_GBM45,DOCK1
ICGC_GBM45,MUC19
ICGC_GBM45,ADCY6
ICGC_GBM45,SPAG16
ICGC_GBM19,HTRA4
ICGC_GBM11,GLT8D2
ICGC_GBM7,ADAP2
ICGC_GBM52,ABCB5
ICGC_GBM52,NBN
ICGC_GBM18,SRPK2
ICGC_GBM18,SHANK2
ICGC_GBM18,HYDIN
ICGC_GBM85,POGLUT1
ICGC_GBM85,POGLUT1
ICGC_GBM85,POGLUT1
ICGC_GBM85,SVEP1
ICGC_GBM85,MDN1
ICGC_GBM85,RALGAPA1
ICGC_GBM17,SLC44A2
ICGC_GBM65,CBWD1
ICGC_GBM55,GRM8
ICGC_GBM48,WNT9A
ICGC_GBM48,MCTP2
ICGC_GBM42,A4GNT
ICGC_GBM42,ACOT11
ICGC_GBM42,FAM151A
ICGC_GBM43,SHE
ICGC_GBM43,SLC15A4
ICGC_GBM43,MYH10
ICGC_GBM38,PRODH
ICGC_GBM12,KDELC2
ICGC_GBM32,WBSCR17
ICGC_GBM32,METTL25
ICGC_GBM82,TP53
ICGC_GBM83,SLIT3
ICGC_GBM83,ABCC2
ICGC_GBM83,RYR2
ICGC_GBM83,CAST
ICGC_GBM83,DCBLD1
ICGC_GBM83,SVEP1
ICGC_GBM83,MBL2
ICGC_GBM83,GON4L
ICGC_GBM83,ATP13A3
ICGC_GBM83,FAM160A1
ICGC_GBM83,FREM3
ICGC_GBM34,MRPS22
ICGC_GBM34,DPYS
ICGC_GBM36,ABCC2
ICGC_GBM36,GALC
