ICGC_PA131,KIAA1549
ICGC_PA131,PIEZO2
169124,KIAA1549
ICGC_PA133,CROCC
ICGC_PA133,PDE4DIP
ICGC_PA133,ARHGEF38
ICGC_PA133,THOC3
ICGC_PA133,CD36
ICGC_PA133,CNTNAP2
ICGC_PA133,KMT2C
ICGC_PA133,OGDHL
ICGC_PA133,FAM35A
ICGC_PA133,RALGAPA1
ICGC_PA133,EME1
ICGC_PA133,TPTE
ICGC_PA157,KIAA1549
ICGC_PA157,AP000275.65
ICGC_PA150,KIAA1549
185136,KIAA1549
185136,TTC26
185136,MMP25
134715,KIAA1549
167381,KIAA1549
195915,KIAA1549
138441,HAVCR1
138441,KIAA1549
ICGC_PA162,KIAA1549
ICGC_PA129,KIAA1549
184374,KIAA1549
145609,ELMSAN1
ICGC_PA108,KIAA1549
163195,POLR2F
176802,MLF1
129796,KIAA1549
131117,KIAA1549
ICGC_PA82,FIP1L1
ICGC_PA82,ADH1B
ICGC_PA82,UPK3B
155523,KIAA1549
198122,C20orf194
ICGC_PA109,KIAA1549
110530,KIAA1549
162809,KIAA1549
163997,KIAA1549
ICGC_PA145,KIAA1549
ICGC_PA107,KIAA1549
125720,KIAA1549
196154,KIAA1549
168838,KIAA1549
160512,KIAA1549
159780,ROS1
159780,COL17A1
ICGC_PA86,KIAA1549
152260,KIAA1549
ICGC_PA126,KIAA1549
ICGC_PA83,KIAA1549
ICGC_PA96,PSMB9
ICGC_PA96,TAP1
ICGC_PA96,TMBIM6
197621,KIAA1549
179411,CDH18
179411,CEACAM1
ICGC_PA88,KIAA1549
174769,KIAA1549
182449,KIAA1549
ICGC_PA116,KIAA1549
ICGC_PA165,KIAA1549
118067,KIAA1549
118067,SIGLEC5
ICGC_PA85,KIAA1549
ICGC_PA85,KIAA1549
174991,RANBP17
174991,KIAA1549
ICGC_PA144,FBXO44
ICGC_PA144,CLCN6
160968,KIAA1549
156247,KIAA1549
142309,KIAA1549
ICGC_PA128,KIAA1549
ICGC_PA166,NOTCH2NL
ICGC_PA166,RP11-458D21.5
ICGC_PA166,TTLL4
ICGC_PA166,ACOT13
ICGC_PA166,LPA
ICGC_PA166,CUX2
ICGC_PA166,HERC2
ICGC_PA166,RP11-10K17.6
ICGC_PA95,KIAA1549
ICGC_PA125,PLEKHG5
ICGC_PA125,GLRX
ICGC_PA125,DNAH3
ICGC_PA87,KIAA1549
ICGC_PA87,MLLT6
174327,KDM1A
174327,ASH1L
174327,SCN3A
174327,INPP5D
174327,KIAA1549
174327,NEK5
174327,NEK5
ICGC_PA147,BOC
ICGC_PA147,KIAA1549
164007,KIAA1549
123154,RABGAP1L
123154,KIAA1549
ICGC_PA135,KIAA1549
105084,KIAA1549
ICGC_PA138,KIAA1549
ICGC_PA100,KIAA1109
ICGC_PA100,KIAA1549
ICGC_PA148,KIAA1549
ICGC_PA148,C15orf38-AP3S2
133149,KIAA1549
ICGC_PA110,KIAA1549
ICGC_PA103,KIAA1549
ICGC_PA159,POLR2F
ICGC_PA159,CYB5R3
ICGC_PA93,KIAA1328
ICGC_PA90,ROBO2
ICGC_PA90,ROBO2
ICGC_PA90,ROBO1
ICGC_PA90,ROBO1
ICGC_PA90,NKAIN3
ICGC_PA90,PSG8
ICGC_PA106,KIAA1549
160214,KIAA1549
162953,KIAA1549
ICGC_PA94,KIAA1549
ICGC_PA161,KIAA1549
174674,KIAA1549
143276,KIAA1549
ICGC_PA136,KIAA1549
ICGC_PA121,ACOT7
140735,KIAA1549
