ICGC_LFS_MB2,CTSH
140104,SLC13A1
140104,TTC40
148353,SHC4
146199,ADCY2
ICGC_MB84,DCHS2
ICGC_MB302,C1orf127
ICGC_MB302,LCA5L
196865,RFX5
196865,PTPRC
196865,PTPRC
196865,PTPRC
196865,ORC4
196865,DCBLD2
196865,ST3GAL6
196865,DCBLD2
196865,DCBLD2
196865,IL7R
196865,C6
196865,RAD50
196865,PGM3
196865,PGM3
196865,NBN
196865,DOCK8
196865,DOCK8
196865,C5
196865,C5
196865,MBL2
196865,RAG2
196865,NAALAD2
196865,NAALAD2
196865,MRE11A
196865,MRE11A
196865,ATM
196865,ATM
196865,ATM
196865,C11orf65
196865,IRAK4
196865,BLM
196865,BLM
196865,CIITA
196865,CCDC144NL
196865,ADA
ICGC_MB284,CHEK2
ICGC_MB284,CHEK2
ICGC_MB175,C4orf50
139599,CNTN6
167251,UNC13B
ICGC_MB276,SI
ICGC_MB276,PARP4
ICGC_MB85,CPXM2
ICGC_MB190,PPP3CC
ICGC_MB243,ASAP3
155989,VRK2
ICGC_MB194,FBXL13
ICGC_MB228,DNAH5
ICGC_MB289,B3GALTL
ICGC_MB282,ACOT11
ICGC_MB282,FUT10
ICGC_MB272,BEND6
ICGC_MB272,ADAMTS20
ICGC_MB167,ACADL
ICGC_MB167,GRM5
ICGC_MB270,TRMT10C
130353,COL24A1
130353,MYO7B
130353,SCFD2
130353,PARK2
ICGC_MB177,PRTFDC1
ICGC_MB177,RNF151
119591,C8B
119591,RFX5
119591,DCBLD2
119591,TAP2
119591,IL17F
119591,DOCK8
119591,DOCK8
119591,RAG1
119591,NAALAD2
ICGC_MB132,DMXL2
ICGC_MB132,SCEL
ICGC_MB286,MYOM2
ICGC_MB286,PKHD1L1
ICGC_MB136,SLC15A1
ICGC_MB204,ABCC2
ICGC_MB204,ABCB5
ICGC_MB204,ABCG1
186723,MYO9A
186723,ZNF525
189564,SMYD3
189564,PARK2
189564,MTUS1
189564,NOD1
ICGC_MB268,CES1
ICGC_MB108,SPARCL1
ICGC_MB106,NUDCD3
ICGC_MB106,ARHGAP11B
ICGC_MB288,SRCAP
ICGC_MB288,CUL2
ICGC_MB102,ATP10D
188324,COL4A4
188324,RRP12
151281,RALGAPA2
151281,RALGAPA2
167904,TMC5
ICGC_MB179,PRTFDC1
ICGC_MB179,UGGT2
ICGC_MB518,TTC6
134438,ZBTB44
134438,EMP2
ICGC_MB187,HMCN1
ICGC_MB193,CDRT1
ICGC_MB193,RP11-385D13.1
ICGC_MB193,ARFGEF1
ICGC_MB193,FAM222B
ICGC_MB193,TRPM2
127581,SVEP1
127581,SCLT1
ICGC_MB290,PACRG
ICGC_MB290,CCDC170
ICGC_MB170,IFT46
ICGC_MB139,C1orf186
ICGC_MB139,SUPT3H
ICGC_MB139,CCDC91
ICGC_MB139,SLC25A21
ICGC_MB249,ZNF107
ICGC_MB249,SLFN12L
168839,ABCB5
ICGC_MB83,NOSTRIN
ICGC_MB83,PARK2
ICGC_MB159,LRIG2
ICGC_MB159,DSG3
ICGC_MB159,DSG4
ICGC_MB189,C1orf127
ICGC_MB189,FARS2
ICGC_MB281,ZFP28
ICGC_MB145,PACRG
ICGC_MB145,PAPD7
ICGC_MB145,TRIO
ICGC_MB145,NLE1
ICGC_MB242,EVC2
ICGC_MB242,FLCN
ICGC_MB242,MPRIP
157819,MYO16
ICGC_MB295,TRMT10C
ICGC_MB118,SLC11A1
ICGC_MB118,SLC11A1
ICGC_MB118,ANKRD30A
ICGC_MB118,INPP5F
163882,CCSER1
163882,PCM1
163882,MTUS1
163882,LYPLAL1
139625,ANO2
ICGC_MB224,DNAH14
ICGC_MB309,CTRC
ICGC_MB166,RP11-723O4.6
ICGC_MB142,FARS2
ICGC_MB142,KMT2C
ICGC_MB248,PLB1
ICGC_MB248,TBC1D5
ICGC_MB248,TBC1D5
ICGC_MB248,EXOC6
ICGC_MB248,PDZRN4
165133,UBE2U
165133,ACPL2
165133,STX18
165133,STX18
165133,STX18
ICGC_MB141,GADL1
ICGC_MB141,GIMAP8
ICGC_MB141,PSPC1
ICGC_MB141,CYP2B6
ICGC_MB141,CYP2B6
ICGC_MB198,ART3
ICGC_MB101,CCDC91
ICGC_MB101,CATSPERB
ICGC_MB239,TRAPPC3L
ICGC_MB239,CCDC144A
ICGC_MB250,STK31
ICGC_MB292,PRMT7
ICGC_MB307,STK10
ICGC_MB307,COL24A1
ICGC_MB307,RNF180
ICGC_MB307,DTNA
ICGC_MB307,BMPR1B
ICGC_MB307,PALLD
ICGC_MB184,IMMP2L
ICGC_MB184,MIB1
ICGC_MB225,MOB1B
ICGC_MB165,USH2A
ICGC_MB165,FTCD
ICGC_MB119,TLK1
ICGC_MB119,PCNXL4
107430,COL11A2
107430,RYR2
ICGC_MB226,SARDH
ICGC_MB226,MTX2
ICGC_MB294,CNTNAP2
ICGC_MB275,ABCC2
ICGC_MB86,ZNF726
ICGC_MB86,ZNF254
194956,PRSS45
194956,PRSS50
194956,CDKAL1
194956,FAM189A2
ICGC_MB236,BPIFC
ICGC_MB176,MICALCL
ICGC_MB176,GCOM1
ICGC_MB176,MYZAP
ICGC_MB176,KCNIP4
ICGC_MB240,AATF
ICGC_MB185,C11orf49
ICGC_MB297,ERI1
ICGC_MB297,OR4F17
ICGC_MB297,ZNF677
ICGC_MB297,CHEK2
ICGC_MB304,CILP
187057,FAM174A
ICGC_MB146,HDDC2
ICGC_MB146,PSPC1
183235,METTL8
183235,SUN3
183235,SLC6A13
ICGC_MB152,SDAD1
192615,NSUN3
192615,THOC3
ICGC_MB303,ADCK3
ICGC_MB303,EPB42
ICGC_MB303,TMEM62
ICGC_MB229,FBXO27
ICGC_MB246,NAA15
ICGC_MB90,CCDC178
ICGC_MB90,SYNE1
ICGC_MB94,BCL2L14
ICGC_MB94,EIF3C
ICGC_MB213,DNAH14
ICGC_MB213,SLC25A18
ICGC_MB291,LIPI
ICGC_MB188,DPP6
135469,GLIS3
135469,RPP38
126851,SMCP
ICGC_MB131,B3GALTL
138689,GNA14
142880,PDE11A
142880,PDE11A
142880,PPP3CC
142880,MCTP2
142880,MCTP2
181633,COL11A2
181633,PARP4
130235,TPRXL
130235,PSG4
130235,C22orf23
ICGC_MB91,PDE11A
ICGC_MB91,METTL2A
166636,ZDHHC11
166636,ZNF665
167702,CCDC149
ICGC_MB274,RABEP1
104328,GTF2A1L
104328,STON1-GTF2A1L
104328,UGT2A1
104328,CPXM2
104328,SPAG16
104328,XYLT1
141689,KIAA2026
141689,CIT
141689,INTS9
ICGC_MB95,GFRAL
ICGC_MB174,C2orf80
ICGC_MB174,UGT2A1
ICGC_MB174,IRS1
ICGC_MB174,C15orf38-AP3S2
160398,CA10
ICGC_MB278,CNTN6
ICGC_MB278,CNTN6
ICGC_MB278,CPXM2
ICGC_MB278,PTPRT
161574,C1orf168
161574,RP11-127H5.1
161574,DSTN
ICGC_MB260,SPAG16
ICGC_MB180,PMS1
ICGC_MB217,MAN1B1
ICGC_MB217,B3GALTL
ICGC_MB217,CRYZL1
ICGC_MB252,TARSL2
ICGC_MB244,DOCK1
ICGC_MB296,TMPRSS3
123396,COL28A1
123396,COL11A2
123396,LPA
144057,PKHD1
144057,SLC39A13
ICGC_MB230,ADAMTSL1
196568,GSDMA
ICGC_MB264,COL11A2
ICGC_MB264,MEIOB
ICGC_MB264,MEIOB
198151,PARK2
198151,CD36
198151,CYP19A1
ICGC_MB293,CHN2
ICGC_MB293,AVL9
ICGC_MB293,PDIA4
ICGC_MB293,KMT2C
ICGC_MB293,ATP8B4
ICGC_MB305,OR4N2
ICGC_MB155,C9orf3
ICGC_MB157,ECHDC2
ICGC_MB157,ECHDC2
ICGC_MB157,RBL1
ICGC_MB121,CNTN6
ICGC_MB121,KCTD8
ICGC_MB96,ITGA6
ICGC_MB112,SLC6A13
ICGC_MB112,FAM227A
182516,PADI4
182516,NDUFAF2
ICGC_MB122,EPCAM
ICGC_MB122,MACROD2
ICGC_MB206,SLC4A4
ICGC_MB299,ADAM33
ICGC_MB115,MGMT
ICGC_MB160,FBXO27
ICGC_MB160,DPY19L4
134961,DLEC1
134961,AFAP1L1
134961,COL19A1
108031,ERCC4
