ICGC_MB211,TTC6
ICGC_MB211,AKAP13
ICGC_MB134,IMMP2L
ICGC_MB107,CDH23
ICGC_LFS_MB2,LRRN1
ICGC_LFS_MB2,KCNIP4
ICGC_LFS_MB2,TRIO
ICGC_LFS_MB2,TYW1
ICGC_LFS_MB2,CALN1
ICGC_LFS_MB2,MTERF
ICGC_LFS_MB2,AKAP9
ICGC_LFS_MB2,AKAP9
ICGC_LFS_MB2,AKAP9
ICGC_LFS_MB2,AKAP9
ICGC_LFS_MB2,AKAP9
ICGC_LFS_MB2,LRRD1
ICGC_LFS_MB2,LRRD1
ICGC_LFS_MB2,LRRD1
ICGC_LFS_MB2,PEX1
ICGC_LFS_MB2,HEPACAM2
ICGC_LFS_MB2,PIK3CG
ICGC_LFS_MB2,TMEM209
ICGC_LFS_MB2,CNTNAP2
ICGC_LFS_MB2,ARHGEF10
ICGC_LFS_MB2,SGCZ
ICGC_LFS_MB2,UBE2V2
ICGC_LFS_MB2,ARFGEF1
ICGC_LFS_MB2,PPFIBP1
ICGC_LFS_MB2,ADORA2B
ICGC_LFS_MB2,ASIC2
ICGC_LFS_MB2,TRIM25
ICGC_LFS_MB2,RIT2
ICGC_LFS_MB2,SLC14A2
ICGC_LFS_MB2,HAUS1
ICGC_LFS_MB2,LOXHD1
ICGC_LFS_MB2,LOXHD1
ICGC_LFS_MB2,CACNA1A
ICGC_LFS_MB2,MED26
ICGC_LFS_MB2,IL12RB1
140104,ANK3
140104,XYLT1
148353,AOX1
148353,C8orf34
148353,VPS13A
148353,C10orf11
148353,ATAD1
ICGC_LFS_MB1,C2orf88
ICGC_LFS_MB1,ITGA9
ICGC_LFS_MB1,BOC
ICGC_LFS_MB1,BOC
ICGC_LFS_MB1,WDR52
ICGC_LFS_MB1,WDR52
ICGC_LFS_MB1,WDR52
ICGC_LFS_MB1,SPICE1
ICGC_LFS_MB1,SPICE1
ICGC_LFS_MB1,ATP2C1
ICGC_LFS_MB1,ATP2C1
ICGC_LFS_MB1,ATP2C1
ICGC_LFS_MB1,NEK11
ICGC_LFS_MB1,NEK11
ICGC_LFS_MB1,CLSTN2
ICGC_LFS_MB1,CLSTN2
ICGC_LFS_MB1,CLSTN2
ICGC_LFS_MB1,CLSTN2
ICGC_LFS_MB1,ACPL2
ICGC_LFS_MB1,ACPL2
ICGC_LFS_MB1,SPATA5
ICGC_LFS_MB1,SPATA5
ICGC_LFS_MB1,ETFDH
ICGC_LFS_MB1,C4orf45
ICGC_LFS_MB1,NEK1
ICGC_LFS_MB1,ADAM29
ICGC_LFS_MB1,CSMD1
ICGC_LFS_MB1,CSMD1
ICGC_LFS_MB1,CAMK1D
ICGC_LFS_MB1,CCDC3
ICGC_LFS_MB1,SNTB2
ICGC_LFS_MB1,PIGL
ICGC_LFS_MB1,RAI1
ICGC_LFS_MB1,FBXW10
ICGC_MB110,DDI2
ICGC_MB110,C9orf171
ICGC_MB110,CAMK1D
ICGC_MB110,IQCH
ICGC_MB110,LUC7L
ICGC_MB110,MKL2
ICGC_MB110,ZNF747
ICGC_MB110,STX4
ICGC_MB110,ITGAD
ICGC_MB110,CNTNAP4
ICGC_MB110,MYH10
ICGC_MB84,SULT1E1
ICGC_MB84,GLRA1
ICGC_MB84,TNFRSF19
ICGC_MB130,CNTNAP2
ICGC_MB163,CEP170
ICGC_MB163,AGAP8
ICGC_MB280,LPIN1
ICGC_MB280,BRIP1
ICGC_MB280,CCDC57
139599,IMMP2L
139599,SIGLEC5
167251,CBLB
167251,CBLB
167251,MORC1
167251,CD96
167251,CD96
167251,WDR52
167251,SPICE1
167251,GAP43
167251,ARHGEF26
167251,PHF14
167251,FAT3
167251,OSBPL1A
ICGC_MB190,CDH12
ICGC_MB190,MAD1L1
ICGC_MB190,CCDC60
ICGC_MB190,TPTE2
ICGC_MB190,BPIFA3
ICGC_MB243,EPB41L5
ICGC_MB243,HS6ST1
ICGC_MB243,LRP1B
ICGC_MB243,LRP1B
ICGC_MB243,KYNU
ICGC_MB243,ARHGAP15
ICGC_MB243,TTC21B
ICGC_MB243,TTC21B
ICGC_MB243,PDE11A
ICGC_MB243,OSBPL6
ICGC_MB243,ZNF804A
ICGC_MB243,INPP1
ICGC_MB243,MYO1B
ICGC_MB243,DNAH7
ICGC_MB243,DNAH7
ICGC_MB243,DNAH7
ICGC_MB243,PGAP1
ICGC_MB243,PGAP1
ICGC_MB243,PGAP1
ICGC_MB243,CNTN4
ICGC_MB243,FOXP1
ICGC_MB243,IDUA
ICGC_MB243,SLC26A1
ICGC_MB243,SH3BP2
ICGC_MB243,KCNIP4
ICGC_MB243,GPR125
ICGC_MB243,SEL1L3
ICGC_MB243,SMIM20
ICGC_MB243,ARAP2
ICGC_MB243,PHF14
ICGC_MB243,THSD7A
ICGC_MB243,THSD7A
ICGC_MB243,ISPD
ICGC_MB243,ABCB5
ICGC_MB243,PDE1C
ICGC_MB243,BBS9
ICGC_MB243,LSM1
ICGC_MB243,PCDH15
ICGC_MB243,PCDH15
ICGC_MB243,CTNNA3
ICGC_MB243,MYPN
ICGC_MB243,MYPN
ICGC_MB243,HK1
ICGC_MB243,COL13A1
ICGC_MB243,COL13A1
ICGC_MB243,NPFFR1
ICGC_MB243,ADAMTS14
ICGC_MB243,UNC5B
ICGC_MB243,CDH23
ICGC_MB243,CDH23
ICGC_MB243,ADK
ICGC_MB243,LDB3
ICGC_MB243,LDB3
ICGC_MB243,SHANK2
ICGC_MB243,SHANK2
ICGC_MB243,DHCR7
ICGC_MB243,KDM5A
ICGC_MB243,WNK1
ICGC_MB243,EFCAB4B
ICGC_MB243,EFCAB4B
ICGC_MB243,ANO2
ICGC_MB243,ANO2
ICGC_MB243,ANO2
ICGC_MB243,ANO2
ICGC_MB243,TAS2R14
ICGC_MB243,FAM186B
ICGC_MB243,TMCO5A
ICGC_MB243,MAPKBP1
ICGC_MB243,MAPKBP1
ICGC_MB243,SQRDL
ICGC_MB243,SECISBP2L
ICGC_MB243,SECISBP2L
ICGC_MB243,MEGF11
ICGC_MB243,SMAD6
ICGC_MB243,MAP2K5
ICGC_MB243,NOX5
ICGC_MB243,CCDC33
ICGC_MB243,KSR1
ICGC_MB243,TTLL6
ICGC_MB243,CALCOCO2
ICGC_MB243,CALCOCO2
ICGC_MB243,SNF8
ICGC_MB243,SNF8
ICGC_MB243,B4GALNT2
ICGC_MB243,CA10
ICGC_MB243,CA10
ICGC_MB243,CA10
ICGC_MB243,AC102948.2
ICGC_MB243,USP32
ICGC_MB243,USP32
ICGC_MB243,C17orf64
ICGC_MB243,USP32
ICGC_MB243,C17orf64
ICGC_MB243,AXIN2
ICGC_MB243,FAM20A
ICGC_MB243,YES1
ICGC_MB243,URI1
ICGC_MB243,DMKN
ICGC_MB243,SIPA1L3
ICGC_MB243,PAPL
ICGC_MB243,HIF3A
ICGC_MB243,HIF3A
ICGC_MB243,TRPM4
ICGC_MB243,SIGLECL1
ICGC_MB243,ZNF813
ICGC_MB243,AC004076.9
ICGC_MB243,ZNF772
ICGC_MB243,ZSCAN1
ICGC_MB243,SLC27A5
155989,ANO7
155989,UNC5D
ICGC_MB228,USH2A
ICGC_MB228,CNTLN
ICGC_MB228,XRCC1
ICGC_MB289,FAM178B
ICGC_MB289,ROBO2
ICGC_MB289,ARL15
ICGC_MB289,FAM172A
ICGC_MB289,DCBLD1
ICGC_MB289,ASB6
ICGC_MB289,C9orf171
ICGC_MB289,DDX31
ICGC_MB289,C10orf71
ICGC_MB289,DNAJC12
163298,RYR2
163298,DDX1
163298,DDX1
163298,SMC6
163298,WDFY3
163298,RP1L1
163298,MRPL45
ICGC_MB282,FAM222B
ICGC_MB282,ARMC6
ICGC_MB272,STX6
ICGC_MB272,RP11-127H5.1
ICGC_MB272,RP11-127H5.1
ICGC_MB272,CSMD3
ICGC_MB167,AGBL4
ICGC_MB167,AGBL4
ICGC_MB167,NRD1
ICGC_MB167,COL24A1
ICGC_MB167,NOTCH2NL
ICGC_MB167,HIST2H2BF
ICGC_MB167,CFHR2
ICGC_MB167,PPP1R12B
ICGC_MB167,SNTG2
ICGC_MB167,RPN1
ICGC_MB167,GYPB
ICGC_MB167,TDO2
ICGC_MB167,CDH12
ICGC_MB167,THOC3
ICGC_MB167,TYW1
ICGC_MB167,DPP6
ICGC_MB167,SPAG11B
ICGC_MB167,TUSC3
ICGC_MB167,ADRA1A
ICGC_MB167,ZMAT4
ICGC_MB167,LRRC6
ICGC_MB167,CNTNAP3B
ICGC_MB167,KIF27
ICGC_MB167,FANCC
ICGC_MB167,KLRC2
ICGC_MB167,NKG2-E
ICGC_MB167,C12orf42
ICGC_MB167,AKAP13
ICGC_MB167,TPTE
ICGC_MB256,RP11-77K12.1
ICGC_MB256,TMEM170A
ICGC_MB270,SEC22C
130353,RPL28
ICGC_MB177,NBAS
ICGC_MB177,NBAS
ICGC_MB177,NBAS
ICGC_MB177,NBAS
ICGC_MB177,NBAS
ICGC_MB177,NBAS
ICGC_MB177,NBAS
ICGC_MB177,NBAS
ICGC_MB177,NBAS
ICGC_MB177,NBAS
ICGC_MB177,NBAS
ICGC_MB177,NBAS
ICGC_MB177,NBAS
ICGC_MB177,NBAS
ICGC_MB177,NBAS
ICGC_MB177,NBAS
ICGC_MB177,NBAS
ICGC_MB177,NBAS
ICGC_MB177,NBAS
ICGC_MB177,NBAS
ICGC_MB177,NBAS
ICGC_MB177,NBAS
ICGC_MB177,NBAS
ICGC_MB177,DDX1
ICGC_MB177,DDX1
ICGC_MB177,IST1
119591,MASP2
119591,MASP2
119591,MASP2
119591,MASP2
119591,MASP2
119591,LCK
119591,LCK
119591,LCK
119591,LCK
119591,C8B
119591,C8B
119591,C8B
119591,C8B
119591,C8B
119591,C8B
119591,C8B
119591,C8B
119591,GFI1
119591,GFI1
119591,RFX5
119591,RFX5
119591,RFX5
119591,RFX5
119591,RFX5
119591,HAX1
119591,NTRK1
119591,CD247
119591,CD247
119591,SMG7
119591,NCF2
119591,SMG7
119591,NCF2
119591,SMG7
119591,NCF2
119591,SMG7
119591,NCF2
119591,SMG7
119591,NCF2
119591,SMG7
119591,NCF2
119591,SMG7
119591,NCF2
119591,SMG7
119591,NCF2
119591,SMG7
119591,CFH
119591,CFH
119591,CFH
119591,CFH
119591,CFH
119591,CFH
119591,CFH
119591,CFH
119591,CFH
119591,CFH
119591,CFH
119591,CFH
119591,CFHR3
119591,CFHR1
119591,CFHR2
119591,PTPRC
119591,PTPRC
119591,PTPRC
119591,PTPRC
119591,PTPRC
119591,PTPRC
119591,PTPRC
119591,PTPRC
119591,PTPRC
119591,PTPRC
119591,PTPRC
119591,PTPRC
119591,PTPRC
119591,PTPRC
119591,PTPRC
119591,PTPRC
119591,PTPRC
119591,PTPRC
119591,PTPRC
119591,PTPRC
119591,PTPRC
119591,PTPRC
119591,PTPRC
119591,C4BPB
119591,C4BPB
119591,C4BPB
119591,C4BPB
119591,CR2
119591,CR2
119591,CR2
119591,CR2
119591,CR2
119591,CR2
119591,CR2
119591,CR2
119591,CR2
119591,CR2
119591,CR2
119591,CR2
119591,CR2
119591,ZAP70
119591,CXCR4
119591,LRP1B
119591,LRP1B
119591,ORC4
119591,ORC4
119591,ORC4
119591,CASP10
119591,CASP10
119591,CASP10
119591,CASP10
119591,CASP10
119591,CASP10
119591,CASP10
119591,CASP10
119591,CASP10
119591,ERBB4
119591,DCBLD2
119591,ST3GAL6
119591,DCBLD2
119591,ST3GAL6
119591,DCBLD2
119591,ST3GAL6
119591,DCBLD2
119591,ST3GAL6
119591,DCBLD2
119591,DCBLD2
119591,DCBLD2
119591,HCLS1
119591,HCLS1
119591,RNF168
119591,RNF168
119591,RNF168
119591,CLNK
119591,CLNK
119591,CLNK
119591,CLNK
119591,CLNK
119591,CLNK
119591,CLNK
119591,CLNK
119591,CLNK
119591,CLNK
119591,CLNK
119591,CLNK
119591,CLNK
119591,CLNK
119591,CFI
119591,CFI
119591,CFI
119591,CFI
119591,CFI
119591,CFI
119591,CFI
119591,CFI
119591,TLR3
119591,TLR3
119591,IL7R
119591,IL7R
119591,IL7R
119591,IL7R
119591,IL7R
119591,C9
119591,C9
119591,C9
119591,C9
119591,C9
119591,C9
119591,C9
119591,C9
119591,C7
119591,C7
119591,C7
119591,C7
119591,C7
119591,C7
119591,C7
119591,C7
119591,C7
119591,C7
119591,C7
119591,C7
119591,C7
119591,C7
119591,C7
119591,C6
119591,C6
119591,C6
119591,C6
119591,C6
119591,C6
119591,C6
119591,C6
119591,C6
119591,C6
119591,C6
119591,C6
119591,C6
119591,C6
119591,AP3B1
119591,AP3B1
119591,AP3B1
119591,AP3B1
119591,AP3B1
119591,AP3B1
119591,AP3B1
119591,AP3B1
119591,AP3B1
119591,AP3B1
119591,AP3B1
119591,AP3B1
119591,AP3B1
119591,AP3B1
119591,AP3B1
119591,AP3B1
119591,AP3B1
119591,XRCC4
119591,XRCC4
119591,XRCC4
119591,RAD50
119591,RAD50
119591,RAD50
119591,RAD50
119591,RAD50
119591,RAD50
119591,RAD50
119591,RAD50
119591,RAD50
119591,RAD50
119591,RAD50
119591,RAD50
119591,RAD50
119591,RAD50
119591,C2
119591,CFB
119591,C2
119591,CFB
119591,C2
119591,CFB
119591,C2
119591,CFB
119591,C2
119591,CFB
119591,C2
119591,CFB
119591,C2
119591,CFB
119591,C2
119591,CFB
119591,C2
119591,CFB
119591,C2
119591,CFB
119591,C2
119591,CFB
119591,CFB
119591,CFB
119591,CFB
119591,CFB
119591,CFB
119591,CFB
119591,TAP2
119591,TAP2
119591,TAP2
119591,TAP2
119591,TAP2
119591,PSMB9
119591,PSMB9
119591,TAP1
119591,PSMB9
119591,TAP1
119591,PSMB9
119591,TAP1
119591,IL17F
119591,DOPEY1
119591,PGM3
119591,PGM3
119591,PGM3
119591,PGM3
119591,PGM3
119591,PGM3
119591,PGM3
119591,PGM3
119591,IFNGR1
119591,IFNGR1
119591,IFNGR1
119591,SBDS
119591,NBN
119591,NBN
119591,NBN
119591,NBN
119591,NBN
119591,NBN
119591,NBN
119591,NBN
119591,NBN
119591,DOCK8
119591,DOCK8
119591,DOCK8
119591,DOCK8
119591,DOCK8
119591,DOCK8
119591,DOCK8
119591,DOCK8
119591,DOCK8
119591,DOCK8
119591,DOCK8
119591,DOCK8
119591,DOCK8
119591,DOCK8
119591,DOCK8
119591,DOCK8
119591,DOCK8
119591,DOCK8
119591,DOCK8
119591,DOCK8
119591,DOCK8
119591,DOCK8
119591,DOCK8
119591,DOCK8
119591,DOCK8
119591,DOCK8
119591,DOCK8
119591,DOCK8
119591,DOCK8
119591,DOCK8
119591,DOCK8
119591,DOCK8
119591,DOCK8
119591,DOCK8
119591,DOCK8
119591,DOCK8
119591,DOCK8
119591,DOCK8
119591,C5
119591,C5
119591,C5
119591,C5
119591,C5
119591,C5
119591,C5
119591,C5
119591,C5
119591,C5
119591,C5
119591,C5
119591,C5
119591,C5
119591,C5
119591,C5
119591,C5
119591,C5
119591,C5
119591,C5
119591,C5
119591,C5
119591,C5
119591,C5
119591,C5
119591,IL2RA
119591,IL2RA
119591,IL2RA
119591,IL2RA
119591,DCLRE1C
119591,DCLRE1C
119591,DCLRE1C
119591,DCLRE1C
119591,DCLRE1C
119591,DCLRE1C
119591,DCLRE1C
119591,DCLRE1C
119591,DCLRE1C
119591,MBL2
119591,MBL2
119591,CD81
119591,CD59
119591,CD59
119591,RAG1
119591,RAG1
119591,RAG1
119591,RAG2
119591,RAG2
119591,SERPING1
119591,SERPING1
119591,SERPING1
119591,NAALAD2
119591,NAALAD2
119591,NAALAD2
119591,NAALAD2
119591,NAALAD2
119591,NAALAD2
119591,NAALAD2
119591,NAALAD2
119591,NAALAD2
119591,NAALAD2
119591,NAALAD2
119591,NAALAD2
119591,NAALAD2
119591,MRE11A
119591,MRE11A
119591,MRE11A
119591,MRE11A
119591,MRE11A
119591,MRE11A
119591,MRE11A
119591,MRE11A
119591,MRE11A
119591,MRE11A
119591,MRE11A
119591,ATM
119591,ATM
119591,ATM
119591,ATM
119591,ATM
119591,ATM
119591,ATM
119591,ATM
119591,ATM
119591,ATM
119591,ATM
119591,ATM
119591,ATM
119591,ATM
119591,ATM
119591,ATM
119591,ATM
119591,ATM
119591,ATM
119591,C11orf65
119591,ATM
119591,C11orf65
119591,ATM
119591,C11orf65
119591,ATM
119591,C11orf65
119591,ATM
119591,C11orf65
119591,ATM
119591,C11orf65
119591,ATM
119591,C11orf65
119591,ATM
119591,C11orf65
119591,ATM
119591,C11orf65
119591,ATM
119591,C11orf65
119591,ATM
119591,C11orf65
119591,ATM
119591,C11orf65
119591,ATM
119591,C11orf65
119591,ATM
119591,C11orf65
119591,ATM
119591,C11orf65
119591,ATM
119591,C11orf65
119591,ATM
119591,C11orf65
119591,CD3E
119591,CD3E
119591,CD3E
119591,CD3E
119591,CD3E
119591,CD3G
119591,CD3G
119591,CD3G
119591,CD4
119591,CD4
119591,CD4
119591,CD4
119591,CD4
119591,C1S
119591,C1S
119591,C1S
119591,IRAK4
119591,IRAK4
119591,IRAK4
119591,IRAK4
119591,IRAK4
119591,IRAK4
119591,RFXAP
119591,LIG4
119591,NFKBIA
119591,PML
119591,PML
119591,PML
119591,BLM
119591,BLM
119591,BLM
119591,BLM
119591,BLM
119591,BLM
119591,BLM
119591,BLM
119591,BLM
119591,BLM
119591,BLM
119591,CIITA
119591,CIITA
119591,CIITA
119591,CIITA
119591,CIITA
119591,CIITA
119591,CIITA
119591,CIITA
119591,CD19
119591,RABEP2
119591,CD19
119591,RABEP2
119591,CD19
119591,RABEP2
119591,CD19
119591,CD19
119591,CD19
119591,CORO1A
119591,NOD2
119591,NOD2
119591,NOD2
119591,NOD2
119591,NOD2
119591,NOD2
119591,NOD2
119591,USB1
119591,USB1
119591,USB1
119591,FOXN1
119591,FOXN1
119591,FOXN1
119591,FOXN1
119591,NF1
119591,STAT5B
119591,STAT5B
119591,STAT5B
119591,STAT5B
119591,STAT5B
119591,STAT5B
119591,STAT5B
119591,STAT5B
119591,STAT5B
119591,MPO
119591,MPO
119591,MPO
119591,MPO
119591,UNC13D
119591,TMC6
119591,TMC6
119591,TMC6
119591,TMC8
119591,TMC8
119591,HOOK2
119591,IL12RB1
119591,IL12RB1
119591,IL12RB1
119591,IL12RB1
119591,IL12RB1
119591,IL12RB1
119591,IL12RB1
119591,IL12RB1
119591,CD79A
119591,LIG1
119591,LIG1
119591,LIG1
119591,LIG1
119591,LIG1
119591,LIG1
119591,LIG1
119591,LIG1
119591,LIG1
119591,ADA
119591,ADA
119591,AIRE
119591,AIRE
119591,AIRE
119591,AIRE
119591,COMT
119591,COMT
119591,IGLL1
ICGC_MB286,CASC5
ICGC_MB136,MYO1B
ICGC_MB136,RPN1
ICGC_MB136,FBXL13
ICGC_MB136,SUFU
ICGC_MB136,ABR
ICGC_MB136,ALOX15
ICGC_MB136,CDH4
177895,MGAM
177895,GLG1
ICGC_MB106,STK11IP
ICGC_MB106,SGPP2
ICGC_MB106,PROM1
ICGC_MB183,NBAS
ICGC_MB183,DDX1
ICGC_MB271,GRIA4
ICGC_MB288,FAM198B
ICGC_MB288,KREMEN1
173266,GSTM5
173266,PCSK4
ICGC_MB102,FPGS
ICGC_MB104,PLEKHM2
ICGC_MB104,SIRT5
ICGC_MB104,CNTNAP2
ICGC_MB104,MROH1
ICGC_MB104,PTPN3
ICGC_MB104,TTC6
ICGC_MB104,WDHD1
151281,LRP12
ICGC_MB179,USH2A
ICGC_MB179,USH2A
ICGC_MB179,SLC29A3
ICGC_MB179,RNLS
ICGC_MB137,VAV3
ICGC_MB137,ACBD6
ICGC_MB137,TSEN15
ICGC_MB137,SRBD1
ICGC_MB137,ACAA1
ICGC_MB137,DLEC1
ICGC_MB137,SH3BP2
ICGC_MB137,CLPTM1L
ICGC_MB137,PDZD2
ICGC_MB137,SPEF2
ICGC_MB137,C9
ICGC_MB137,C9
ICGC_MB137,SUFU
ICGC_MB137,XPNPEP1
ICGC_MB137,ADIPOR2
ICGC_MB137,CACNA1C
ICGC_MB137,CACNA1C
ICGC_MB137,TULP3
ICGC_MB137,EFCAB4B
ICGC_MB137,EFCAB4B
ICGC_MB137,PARP11
ICGC_MB137,C12orf4
ICGC_MB137,AKAP3
ICGC_MB137,AKAP3
ICGC_MB137,GALNT8
ICGC_MB137,GALNT8
ICGC_MB137,GALNT8
ICGC_MB137,ANO2
ICGC_MB137,VWF
ICGC_MB137,VWF
ICGC_MB137,VWF
ICGC_MB137,C3AR1
ICGC_MB137,APOLD1
ICGC_MB137,PLBD1
ICGC_MB137,PDE6H
ICGC_MB137,RERG
ICGC_MB137,RERG
ICGC_MB137,PIK3C2G
ICGC_MB137,PIK3C2G
ICGC_MB137,PIK3C2G
ICGC_MB137,PLEKHA5
ICGC_MB137,PLEKHA5
ICGC_MB137,C2CD5
ICGC_MB137,BCAT1
ICGC_MB137,BCAT1
ICGC_MB137,LRMP
ICGC_MB137,FAR2
ICGC_MB137,OVCH1
ICGC_MB137,OVCH1-AS1
ICGC_MB137,OVCH1
ICGC_MB137,TMTC1
ICGC_MB137,KIAA1551
ICGC_MB137,DNM1L
ICGC_MB137,TRHDE
ICGC_MB137,ACSM5
ICGC_MB137,ACACA
ICGC_MB137,ACACA
ICGC_MB137,ACACA
ICGC_MB137,TADA2A
ICGC_MB137,TADA2A
ICGC_MB137,TADA2A
ICGC_MB137,TADA2A
ICGC_MB137,TADA2A
ICGC_MB137,SYNRG
ICGC_MB137,SYNRG
ICGC_MB137,DDX52
ICGC_MB137,DDX52
ICGC_MB137,DDX52
ICGC_MB137,DDX52
ICGC_MB137,DDX52
ICGC_MB137,PLXDC1
ICGC_MB137,RALGAPA2
ICGC_MB137,TIAM1
ICGC_MB137,C21orf49
ICGC_MB137,BACE2
ICGC_MB137,PDE9A
ICGC_MB518,CDC14A
ICGC_MB518,UBBP4
ICGC_MB518,UBBP4
134438,DDX31
177904,FOCAD
177904,MRO
ICGC_MB187,DYSF
ICGC_MB187,RFTN1
ICGC_MB187,CDH12
ICGC_MB187,CDHR3
ICGC_MB187,ACTR3C
ICGC_MB187,SEC16A
ICGC_MB187,CCDC91
ICGC_MB187,ARHGAP11B
ICGC_MB187,PMM2
ICGC_MB187,MRPL45
ICGC_MB187,TAF4
ICGC_MB89,PDE1C
ICGC_MB290,ACTR3C
ICGC_MB290,ACTR3C
ICGC_MB290,PMFBP1
ICGC_MB170,CSMD1
ICGC_MB139,LRRC20
ICGC_MB139,TTBK2
ICGC_MB139,TTBK2
ICGC_MB139,NOS2
ICGC_MB125,TRHDE
ICGC_MB125,TMEM87A
ICGC_MB125,GALNT1
ICGC_MB83,FOCAD
ICGC_MB83,HEATR6
ICGC_MB83,SLX4IP
ICGC_MB83,MACROD2
ICGC_MB83,MACROD2
ICGC_MB83,MACROD2
ICGC_MB83,MACROD2
ICGC_MB83,KIF16B
ICGC_MB83,KIF16B
ICGC_MB83,NCOA6
ICGC_MB83,EYA2
ICGC_MB261,NR1H4
ICGC_MB261,TMEM260
ICGC_MB261,FAM222B
ICGC_MB261,PIPOX
ICGC_MB159,ACPL2
ICGC_MB159,CPB1
ICGC_MB159,MFSD1
ICGC_MB159,A1CF
ICGC_MB159,PCDH15
ICGC_MB159,ANK3
ICGC_MB159,ANK3
ICGC_MB159,ANK3
ICGC_MB159,CTNNA3
ICGC_MB159,PTPRO
ICGC_MB159,TVP23C
ICGC_MB159,TVP23C-CDRT4
ICGC_MB159,TVP23C
ICGC_MB159,TVP23C-CDRT4
ICGC_MB151,CNTN4
ICGC_MB151,CNTN4
ICGC_MB189,DDX31
ICGC_MB189,PARP4
ICGC_MB189,RNF213
ICGC_MB281,NBAS
ICGC_MB281,NBAS
ICGC_MB281,NBAS
ICGC_MB281,NBAS
ICGC_MB281,NBAS
ICGC_MB281,DDX1
ICGC_MB281,DDX1
ICGC_MB281,SLC6A19
ICGC_MB281,BICD2
ICGC_MB281,WNK2
ICGC_MB281,GABRG3
ICGC_MB281,FMN1
ICGC_MB281,NUTM1
ICGC_MB281,ATP8B4
ICGC_MB281,CA12
ICGC_MB281,UACA
ICGC_MB145,PTPN18
ICGC_MB145,ANKUB1
ICGC_MB145,RNF13
ICGC_MB145,SLC12A7
ICGC_MB145,PAPD7
ICGC_MB145,PAPD7
ICGC_MB145,TRIO
ICGC_MB145,TRIO
ICGC_MB145,TRIO
ICGC_MB145,TRIO
ICGC_MB145,TRIO
ICGC_MB145,TRIO
ICGC_MB145,DLGAP2
ICGC_MB145,SGMS1
ICGC_MB145,CSPG4
ICGC_MB145,GGNBP2
ICGC_MB295,GEN1
ICGC_MB295,SMC6
ICGC_MB295,EPT1
ICGC_MB295,DRC1
ICGC_MB295,BIRC6
ICGC_MB295,PMS1
ICGC_MB295,PMS1
ICGC_MB287,ZNF33A
ICGC_MB287,KL
139625,CHL1
139625,PRKAR2A
139625,FOXP1
139625,NEK11
139625,TNIK
139625,RNF145
139625,LPL
139625,SLC10A2
139625,MYO18A
ICGC_MB224,ORC2
ICGC_MB224,EFHB
ICGC_MB224,SPINK8
ICGC_MB224,NMUR2
ICGC_MB224,CNTNAP2
ICGC_MB224,CNTNAP2
ICGC_MB224,FAM222B
ICGC_MB224,FAM222B
ICGC_MB224,FLOT2
ICGC_MB224,RHOT1
ICGC_MB224,TOP2A
ICGC_MB224,HOXB3
ICGC_MB224,BRIP1
ICGC_MB224,TMEM104
ICGC_MB309,SNTG2
ICGC_MB309,PDE11A
ICGC_MB309,PLCH1
ICGC_MB309,MOB3B
ICGC_MB309,UGGT2
ICGC_MB309,TP53
ICGC_MB309,DNAH9
ICGC_MB143,PDE4DIP
ICGC_MB143,THOC3
ICGC_MB143,DPP6
ICGC_MB143,SGCZ
ICGC_MB143,KIF27
ICGC_MB143,HIATL2
ICGC_MB143,ANKRD30A
ICGC_MB143,TALDO1
ICGC_MB143,KIAA0226L
ICGC_MB143,C15orf43
ICGC_MB143,GLG1
ICGC_MB143,ZNF492
ICGC_MB143,PSG8
ICGC_MB269,PLAT
ICGC_MB269,FAM154A
ICGC_MB142,CDK11B
ICGC_MB142,CROCC
ICGC_MB142,PNPT1
ICGC_MB142,SETD5
ICGC_MB142,NMNAT3
ICGC_MB142,PTPN13
ICGC_MB142,NEK1
ICGC_MB142,CDH12
ICGC_MB142,IPO11
ICGC_MB142,FAM153C
ICGC_MB142,UBE3D
ICGC_MB142,SNX14
ICGC_MB142,MAD1L1
ICGC_MB142,SPAM1
ICGC_MB142,KMT2C
ICGC_MB142,C8orf44-SGK3
ICGC_MB142,ZCCHC7
ICGC_MB142,AKR1C1
ICGC_MB142,PPFIBP1
ICGC_MB142,MARS
ICGC_MB142,C14orf39
ICGC_MB142,CCDC144A
ICGC_MB142,ANKRD30B
ICGC_MB142,ROCK1
ICGC_MB142,RBM39
ICGC_MB248,PCNXL2
ICGC_MB248,PCNXL2
ICGC_MB248,DEPDC5
ICGC_MB262,SCGN
ICGC_MB262,FOCAD
165133,ANK1
ICGC_MB141,F13A1
ICGC_MB141,C21orf49
ICGC_MB198,GRM8
ICGC_MB198,NSMCE2
ICGC_MB198,ASAP1
ICGC_MB101,COL24A1
ICGC_MB101,GFI1
ICGC_MB101,EVI5
ICGC_MB101,DPYD
ICGC_MB101,C6ORF165
ICGC_MB101,RASA3
ICGC_MB101,ADORA2B
ICGC_MB250,SLC5A7
ICGC_MB250,SLC5A7
ICGC_MB250,SULT1C3
ICGC_MB250,EPB41L5
ICGC_MB250,EPB41L5
ICGC_MB250,EPB41L5
ICGC_MB250,EPB41L5
ICGC_MB250,EPB41L5
ICGC_MB250,RALB
ICGC_MB250,CLASP1
ICGC_MB250,CLASP1
ICGC_MB250,CLASP1
ICGC_MB250,CLASP1
ICGC_MB250,CLASP1
ICGC_MB250,CLASP1
ICGC_MB250,CLASP1
ICGC_MB250,CLASP1
ICGC_MB250,CLASP1
ICGC_MB250,CLASP1
ICGC_MB250,BIN1
ICGC_MB250,BIN1
ICGC_MB250,ERCC3
ICGC_MB250,MYO7B
ICGC_MB250,MYO7B
ICGC_MB250,WDR33
ICGC_MB250,SAP130
ICGC_MB250,HS6ST1
ICGC_MB250,PLEKHB2
ICGC_MB250,PLEKHB2
ICGC_MB250,LRP1B
ICGC_MB250,ERBB4
ICGC_MB250,ERBB4
ICGC_MB250,SGPP2
ICGC_MB250,SGPP2
ICGC_MB250,DOCK10
ICGC_MB250,DOCK10
ICGC_MB250,IRS1
ICGC_MB250,CCDC171
ICGC_MB250,JMJD1C
ICGC_MB250,JMJD1C
ICGC_MB250,ADK
ICGC_MB250,RNLS
ICGC_MB250,TPTE2
ICGC_MB250,ATP8A2
ICGC_MB250,DGKH
ICGC_MB250,CCDC122
ICGC_MB250,SLC12A6
ICGC_MB250,AC004381.6
ICGC_MB250,ERI2
ICGC_MB250,KIAA0556
ICGC_MB250,INO80E
ICGC_MB250,LONP2
ICGC_MB250,KCTD19
ICGC_MB250,LRRC36
ICGC_MB250,FAM65A
ICGC_MB250,SMYD4
ICGC_MB250,ASPSCR1
ICGC_MB250,CCDC57
ICGC_MB250,PYGB
ICGC_MB292,CD96
185985,ROBO1
185985,ROBO1
185985,MYH15
185985,IGSF10
185985,ZDHHC11
185985,SLC12A7
185985,CDH12
185985,SLC38A9
185985,SLC38A9
185985,DDX4
185985,SLC38A9
185985,PTPN12
185985,GRM3
185985,TBXAS1
185985,ANXA11
185985,KDM5A
185985,CACNA2D4
185985,CACNA2D4
185985,TULP3
185985,ANO2
185985,ANO2
185985,CLEC4E
185985,RIMKLB
185985,DERA
185985,RERGL
185985,LST3
185985,SLCO1B3
185985,SLCO1B7
185985,LRRIQ1
185985,MYO16
185985,C14orf23
185985,TTC6
185985,FAM179B
185985,C14orf37
185985,OCA2
185985,STRC
185985,ATP8B4
185985,FAM222B
185985,STXBP4
185985,STXBP4
185985,CECR2
185985,XPNPEP3
185985,ARHGAP8
185985,PRR5-ARHGAP8
ICGC_MB307,CEP70
ICGC_MB225,NOS2
ICGC_MB225,FBF1
ICGC_MB247,ACAA1
ICGC_MB247,DLEC1
ICGC_MB247,MYRIP
ICGC_MB247,DDX31
ICGC_MB247,ATP8A2
ICGC_MB247,KCNJ12
ICGC_MB247,ROCK1
ICGC_MB199,SGK223
ICGC_MB199,PLEKHA7
ICGC_MB199,PPP6R1
198274,ZNF264
198274,ZNF264
ICGC_MB149,TPPP
ICGC_MB149,CDH12
ICGC_MB149,EYS
ICGC_MB149,DPY19L1
ICGC_MB149,TYW1
ICGC_MB149,CCDC146
ICGC_MB149,CNTNAP3B
ICGC_MB149,TBC1D3C
ICGC_MB285,MAGI2
ICGC_MB285,ZNF714
ICGC_MB165,ALLC
ICGC_MB165,ASAP2
ICGC_MB165,ASAP2
ICGC_MB165,PDIA6
ICGC_MB165,PDIA6
ICGC_MB165,GREB1
ICGC_MB165,ANKRD33B
ICGC_MB165,EGFLAM
ICGC_MB165,IPO11
ICGC_MB165,MAST4
ICGC_MB165,KIAA0825
ICGC_MB165,MCTP1
ICGC_MB165,NREP
ICGC_MB165,LMNB1
107430,KIAA1217
ICGC_MB129,PDZD2
ICGC_MB129,ERC1
ICGC_MB226,ADAM12
122372,WDFY3
122372,ARHGEF38
ICGC_MB294,KL
ICGC_MB294,UNC13C
ICGC_MB275,CCBL2
ICGC_MB275,CCBL2
ICGC_MB275,NBAS
ICGC_MB275,NBAS
ICGC_MB275,NBAS
ICGC_MB275,NBAS
ICGC_MB275,NBAS
ICGC_MB275,DDX1
ICGC_MB275,ACAP2
ICGC_MB275,CAMK4
ICGC_MB275,BAI3
ICGC_MB275,AVL9
ICGC_MB275,AVL9
ICGC_MB275,NT5C3A
ICGC_MB275,TNS3
ICGC_MB275,TNS3
ICGC_MB275,KMT2C
ICGC_MB275,KMT2C
ICGC_MB275,PARD3
ICGC_MB275,RAD51B
ICGC_MB275,PNPLA6
125462,DPYD
125462,TUSC3
125462,ARHGEF15
125462,C21orf49
ICGC_MB111,DSTYK
ICGC_MB111,MARC2
ICGC_MB86,CCSER1
ICGC_MB205,PRICKLE1
ICGC_MB168,ADD1
ICGC_MB168,NOP14
ICGC_MB164,HLTF
ICGC_MB164,OR4N2
ICGC_MB164,CABIN1
ICGC_MB306,REM1
194956,MFAP3
ICGC_MB265,ROCK1
ICGC_MB236,GALNT14
ICGC_MB236,GALNT14
ICGC_MB147,CROCC
ICGC_MB147,NBPF3
ICGC_MB147,C1orf63
ICGC_MB147,C1orf63
ICGC_MB147,C1orf63
ICGC_MB147,CYP4Z1
ICGC_MB147,CYP4Z1
ICGC_MB147,CYP4Z1
ICGC_MB147,SCP2
ICGC_MB147,AMY2A
ICGC_MB147,VAV3
ICGC_MB147,NBPF4
ICGC_MB147,GSTM2
ICGC_MB147,PDE4DIP
ICGC_MB147,PDE4DIP
ICGC_MB147,PDE4DIP
ICGC_MB147,NOTCH2NL
ICGC_MB147,NOTCH2NL
ICGC_MB147,NOTCH2NL
ICGC_MB147,GPR89B
ICGC_MB147,HIST2H2BF
ICGC_MB147,RIT1
ICGC_MB147,FCGR2A
ICGC_MB147,FCGR2B
ICGC_MB147,FCGR2B
ICGC_MB147,FCGR3B
ICGC_MB147,FCGR2B
ICGC_MB147,CFH
ICGC_MB147,CFH
ICGC_MB147,CFHR3
ICGC_MB147,CFHR2
ICGC_MB147,CFHR2
ICGC_MB147,CFHR4
ICGC_MB147,PPP1R12B
ICGC_MB147,PPP1R12B
ICGC_MB147,PPP1R12B
ICGC_MB147,PPP1R12B
ICGC_MB147,PPP1R12B
ICGC_MB147,CR1
ICGC_MB147,CR1
ICGC_MB147,CR1
ICGC_MB147,CR1L
ICGC_MB147,CR1L
ICGC_MB147,CEP170
ICGC_MB147,CEP170
ICGC_MB147,CEP170
ICGC_MB147,CEP170
ICGC_MB147,CEP170
ICGC_MB147,CEP170
ICGC_MB147,CEP170
ICGC_MB147,CEP170
ICGC_MB147,GFPT1
ICGC_MB147,ALMS1
ICGC_MB147,DNAH6
ICGC_MB147,FAHD2B
ICGC_MB147,FAHD2B
ICGC_MB147,ANKRD36
ICGC_MB147,ANKRD36
ICGC_MB147,ANKRD36
ICGC_MB147,ANKRD36
ICGC_MB147,ANKRD36
ICGC_MB147,ANKRD36
ICGC_MB147,ANKRD36
ICGC_MB147,TBC1D8
ICGC_MB147,ST6GAL2
ICGC_MB147,LIMS1
ICGC_MB147,LIMS1
ICGC_MB147,POTEF
ICGC_MB147,POTEJ
ICGC_MB147,POTEJ
ICGC_MB147,PLEKHB2
ICGC_MB147,NEB
ICGC_MB147,NBEAL1
ICGC_MB147,FANCD2
ICGC_MB147,PRKAR2A
ICGC_MB147,FHIT
ICGC_MB147,GBE1
ICGC_MB147,CD96
ICGC_MB147,ROPN1
ICGC_MB147,NMNAT3
ICGC_MB147,TNIK
ICGC_MB147,NAALADL2
ICGC_MB147,PCDH7
ICGC_MB147,UGT2B17
ICGC_MB147,UGT2B17
ICGC_MB147,UGT2B17
ICGC_MB147,UGT2B15
ICGC_MB147,UGT2B15
ICGC_MB147,UGT2B10
ICGC_MB147,UGT2B11
ICGC_MB147,UGT2B28
ICGC_MB147,CCSER1
ICGC_MB147,SCLT1
ICGC_MB147,GYPB
ICGC_MB147,GYPB
ICGC_MB147,GYPB
ICGC_MB147,GYPB
ICGC_MB147,SDHA
ICGC_MB147,ZDHHC11
ICGC_MB147,ZDHHC11
ICGC_MB147,ZDHHC11
ICGC_MB147,CDH12
ICGC_MB147,CDH12
ICGC_MB147,CDH12
ICGC_MB147,CDH12
ICGC_MB147,CDH12
ICGC_MB147,AQPEP
ICGC_MB147,SPOCK1
ICGC_MB147,THOC3
ICGC_MB147,THOC3
ICGC_MB147,SIMC1
ICGC_MB147,SIMC1
ICGC_MB147,SIMC1
ICGC_MB147,FAM153C
ICGC_MB147,FAM153C
ICGC_MB147,HIST1H2BK
ICGC_MB147,PKHD1
ICGC_MB147,GSTA1
ICGC_MB147,EYS
ICGC_MB147,KCNQ5
ICGC_MB147,FRK
ICGC_MB147,TRDN
ICGC_MB147,LAMA2
ICGC_MB147,ECT2L
ICGC_MB147,LPA
ICGC_MB147,MAD1L1
ICGC_MB147,RSPH10B
ICGC_MB147,RSPH10B
ICGC_MB147,STEAP1B
ICGC_MB147,C7orf31
ICGC_MB147,AVL9
ICGC_MB147,AVL9
ICGC_MB147,AVL9
ICGC_MB147,NPSR1
ICGC_MB147,DPY19L1
ICGC_MB147,AC068533.7
ICGC_MB147,TYW1
ICGC_MB147,TYW1
ICGC_MB147,TYW1
ICGC_MB147,TYW1
ICGC_MB147,TYW1
ICGC_MB147,CCDC146
ICGC_MB147,CCDC146
ICGC_MB147,FAM185A
ICGC_MB147,FAM185A
ICGC_MB147,FAM185A
ICGC_MB147,FAM185A
ICGC_MB147,FAM185A
ICGC_MB147,IMMP2L
ICGC_MB147,CFTR
ICGC_MB147,GRM8
ICGC_MB147,MGAM
ICGC_MB147,FAM115C
ICGC_MB147,ACTR3C
ICGC_MB147,ACTR3C
ICGC_MB147,ACTR3C
ICGC_MB147,ACTR3C
ICGC_MB147,KMT2C
ICGC_MB147,DPP6
ICGC_MB147,DPP6
ICGC_MB147,SPAG11B
ICGC_MB147,SGCZ
ICGC_MB147,CBWD1
ICGC_MB147,ANKRD18B
ICGC_MB147,ANKRD18B
ICGC_MB147,ANKRD18B
ICGC_MB147,ANKRD18B
ICGC_MB147,ANKRD18A
ICGC_MB147,ANKRD18A
ICGC_MB147,ANKRD18A
ICGC_MB147,CNTNAP3B
ICGC_MB147,CNTNAP3B
ICGC_MB147,CNTNAP3B
ICGC_MB147,CNTNAP3B
ICGC_MB147,CNTNAP3B
ICGC_MB147,PGM5
ICGC_MB147,GKAP1
ICGC_MB147,KIF27
ICGC_MB147,KIF27
ICGC_MB147,KIF27
ICGC_MB147,KIF27
ICGC_MB147,KIF27
ICGC_MB147,HIATL1
ICGC_MB147,HIATL1
ICGC_MB147,HIATL1
ICGC_MB147,FANCC
ICGC_MB147,HIATL2
ICGC_MB147,HIATL2
ICGC_MB147,HIATL2
ICGC_MB147,HIATL2
ICGC_MB147,CCDC180
ICGC_MB147,TUBB8
ICGC_MB147,AKR1C1
ICGC_MB147,AKR1C1
ICGC_MB147,AKR1C2
ICGC_MB147,AKR1C2
ICGC_MB147,DCLRE1C
ICGC_MB147,SVIL
ICGC_MB147,CCDC7
ICGC_MB147,ANKRD30A
ICGC_MB147,ANKRD30A
ICGC_MB147,ANKRD30A
ICGC_MB147,ASAH2C
ICGC_MB147,ASAH2C
ICGC_MB147,ASAH2C
ICGC_MB147,ASAH2C
ICGC_MB147,FAM35A
ICGC_MB147,FAM35A
ICGC_MB147,TRIM49B
ICGC_MB147,FOLH1
ICGC_MB147,FOLH1
ICGC_MB147,FOLH1
ICGC_MB147,FOLH1
ICGC_MB147,FOLH1
ICGC_MB147,FOLH1
ICGC_MB147,FOLH1
ICGC_MB147,GLYATL1
ICGC_MB147,MS4A6A
ICGC_MB147,MS4A13
ICGC_MB147,RP11-849H4.2
ICGC_MB147,AAMDC
ICGC_MB147,INTS4
ICGC_MB147,INTS4
ICGC_MB147,GRM5
ICGC_MB147,GRM5
ICGC_MB147,GRM5
ICGC_MB147,GRM5
ICGC_MB147,GRM5
ICGC_MB147,GRM5
ICGC_MB147,TYR
ICGC_MB147,TRIM77
ICGC_MB147,AP002884.3
ICGC_MB147,BCO2
ICGC_MB147,CCDC15
ICGC_MB147,PARP11
ICGC_MB147,ANO2
ICGC_MB147,NKG2-E
ICGC_MB147,KLRC2
ICGC_MB147,NKG2-E
ICGC_MB147,KLRC2
ICGC_MB147,TAS2R14
ICGC_MB147,TAS2R14
ICGC_MB147,TAS2R14
ICGC_MB147,TAS2R14
ICGC_MB147,PRB1
ICGC_MB147,PRB2
ICGC_MB147,RECQL
ICGC_MB147,KRT6B
ICGC_MB147,KRT6C
ICGC_MB147,DPY19L2
ICGC_MB147,DPY19L2
ICGC_MB147,KSR2
ICGC_MB147,TPTE2
ICGC_MB147,TPTE2
ICGC_MB147,PSPC1
ICGC_MB147,PSPC1
ICGC_MB147,PARP4
ICGC_MB147,PARP4
ICGC_MB147,KIAA0226L
ICGC_MB147,OR4N2
ICGC_MB147,DHRS4L2
ICGC_MB147,C14orf37
ICGC_MB147,HERC2
ICGC_MB147,HERC2
ICGC_MB147,GOLGA8M
ICGC_MB147,ARHGAP11B
ICGC_MB147,ARHGAP11B
ICGC_MB147,ARHGAP11B
ICGC_MB147,ARHGAP11B
ICGC_MB147,ARHGAP11B
ICGC_MB147,ARHGAP11A
ICGC_MB147,ARHGAP11A
ICGC_MB147,GOLGA8B
ICGC_MB147,GANC
ICGC_MB147,STRC
ICGC_MB147,CATSPER2
ICGC_MB147,STRC
ICGC_MB147,STRC
ICGC_MB147,C15orf43
ICGC_MB147,FAM227B
ICGC_MB147,FAM81A
ICGC_MB147,NOMO1
ICGC_MB147,PDXDC1
ICGC_MB147,PDXDC1
ICGC_MB147,PDXDC1
ICGC_MB147,PDXDC1
ICGC_MB147,PDXDC1
ICGC_MB147,PDXDC1
ICGC_MB147,ABCC6
ICGC_MB147,ACSM2A
ICGC_MB147,ACSM2B
ICGC_MB147,ACSM1
ICGC_MB147,ACSM3
ICGC_MB147,OTOA
ICGC_MB147,PDPR
ICGC_MB147,PDPR
ICGC_MB147,HYDIN
ICGC_MB147,GLG1
ICGC_MB147,USP6
ICGC_MB147,USP6
ICGC_MB147,TVP23C
ICGC_MB147,TVP23C-CDRT4
ICGC_MB147,TVP23C-CDRT4
ICGC_MB147,TVP23C-CDRT4
ICGC_MB147,CDRT1
ICGC_MB147,CDRT1
ICGC_MB147,RP11-385D13.1
ICGC_MB147,TRIM16
ICGC_MB147,ZNF286A
ICGC_MB147,CCDC144A
ICGC_MB147,CCDC144A
ICGC_MB147,CCDC144A
ICGC_MB147,CCDC144A
ICGC_MB147,CCDC144A
ICGC_MB147,ZNF286B
ICGC_MB147,TRIM16L
ICGC_MB147,TRIM16L
ICGC_MB147,CCDC144NL
ICGC_MB147,CCDC144NL
ICGC_MB147,FAM222B
ICGC_MB147,CRLF3
ICGC_MB147,TBC1D3C
ICGC_MB147,TBC1D3G
ICGC_MB147,PLEKHM1
ICGC_MB147,PLEKHM1
ICGC_MB147,LRRC37A
ICGC_MB147,NSF
ICGC_MB147,EFCAB13
ICGC_MB147,USP32
ICGC_MB147,USP32
ICGC_MB147,METTL2A
ICGC_MB147,RP11-683L23.1
ICGC_MB147,ANKRD30B
ICGC_MB147,ANKRD30B
ICGC_MB147,ANKRD30B
ICGC_MB147,ANKRD30B
ICGC_MB147,ANKRD30B
ICGC_MB147,PSMA8
ICGC_MB147,CHST9
ICGC_MB147,SERPINB4
ICGC_MB147,SERPINB3
ICGC_MB147,CTD-3105H18.16
ICGC_MB147,ZNF799
ICGC_MB147,CTD-3105H18.16
ICGC_MB147,ZNF493
ICGC_MB147,ZNF208
ICGC_MB147,ZNF98
ICGC_MB147,ZNF492
ICGC_MB147,PSG2
ICGC_MB147,PSG9
ICGC_MB147,ZNF578
ICGC_MB147,ZNF600
ICGC_MB147,ZNF665
ICGC_MB147,ZNF813
ICGC_MB147,LAIR1
ICGC_MB147,ZSCAN5A
ICGC_MB147,CTD-2583A14.10
ICGC_MB147,ZNF587B
ICGC_MB147,ZNF417
ICGC_MB147,DPM1
ICGC_MB147,TPTE
ICGC_MB147,TPTE
ICGC_MB147,TPTE
ICGC_MB147,TPTE
ICGC_MB147,SMTN
ICGC_MB147,RFPL2
ICGC_MB147,EFCAB6
ICGC_MB147,RABL2B
ICGC_MB176,L2HGDH
ICGC_MB240,C10orf11
ICGC_MB240,KL
ICGC_MB297,TBXAS1
ICGC_MB297,CACNA1C
ICGC_MB297,MED21
ICGC_MB304,LCK
ICGC_MB304,PLB1
ICGC_MB304,SCFD2
ICGC_MB304,SCFD2
ICGC_MB304,ULK2
ICGC_MB304,ASPSCR1
ICGC_MB304,SIRPG
ICGC_MB146,C1orf63
ICGC_MB146,CLSPN
ICGC_MB152,KCNIP4
ICGC_MB152,EYS
ICGC_MB152,TALDO1
ICGC_MB152,FRMD5
ICGC_MB216,SLC24A1
ICGC_MB161,SIPA1L2
ICGC_MB161,SIPA1L2
ICGC_MB161,GRK6
ICGC_MB161,CSMD1
ICGC_MB161,NOXRED1
ICGC_MB161,RPS6KA5
ICGC_MB94,IBTK
ICGC_MB94,DMBT1
ICGC_MB94,TRHDE
ICGC_MB291,CD96
ICGC_MB291,MCPH1
ICGC_MB291,TMEM260
ICGC_MB291,ZNF774
ICGC_MB291,B9D1
135456,FLNB
ICGC_MB188,PACRG
135469,KLKB1
126851,HIVEP3
126851,TMEM79
126851,HHIPL2
126851,TRPM8
126851,SSUH2
126851,NOP14
126851,AMZ1
126851,MLXIPL
126851,DCLRE1C
126851,FAM35A
126851,PIK3C2A
126851,TENM4
126851,SC5D
126851,LRRIQ1
126851,HECTD4
126851,STOML3
126851,LCP1
126851,GMPR2
126851,C14orf105
126851,GPATCH2L
126851,TCF12
126851,TCF12
126851,PKMYT1
126851,ACACA
126851,TEX14
126851,BSG
126851,TIAM1
126851,DGCR2
126851,MCM5
126851,ARHGAP8
126851,PRR5-ARHGAP8
ICGC_MB181,LRP4
ICGC_MB235,KL
ICGC_MB235,WDHD1
ICGC_MB131,SLC22A14
ICGC_MB131,XYLB
ICGC_MB131,R3HCC1
ICGC_MB131,R3HCC1
ICGC_MB131,WWOX
ICGC_MB131,MACROD2
138689,SLC9A9
138689,MYOM2
138689,CSMD1
138689,MSRA
138689,SGCZ
138689,SIRT4
138689,FRMD6
138689,FAM222B
142880,KIF27
142880,AKR1C3
142880,BTBD16
130235,CLSTN2
130235,IL7R
130235,MAST4
130235,RIMS2
130235,NOP2
130235,GYS2
130235,CCNB1IP1
130235,MAP4K5
ICGC_MB91,EML6
ICGC_MB91,SGK223
ICGC_MB91,PTEN
ICGC_MB91,FLOT2
ICGC_MB91,NF1
ICGC_MB91,ACSF2
ICGC_MB91,C17orf67
ICGC_MB91,MARCH10
ICGC_MB91,ABCA10
ICGC_MB91,SEC14L1
ICGC_MB208,CSMD3
146327,SGMS1
104328,MASP2
104328,MASP2
104328,MASP2
104328,MASP2
104328,LCK
104328,LCK
104328,LCK
104328,LCK
104328,LCK
104328,C8B
104328,C8B
104328,C8B
104328,C8B
104328,C8B
104328,C8B
104328,C8B
104328,C8B
104328,C8B
104328,C8B
104328,GFI1
104328,GFI1
104328,GFI1
104328,GFI1
104328,RFX5
104328,RFX5
104328,RFX5
104328,RFX5
104328,RFX5
104328,RFX5
104328,NTRK1
104328,CD247
104328,CD247
104328,SMG7
104328,NCF2
104328,SMG7
104328,NCF2
104328,SMG7
104328,NCF2
104328,SMG7
104328,NCF2
104328,SMG7
104328,NCF2
104328,SMG7
104328,NCF2
104328,SMG7
104328,NCF2
104328,SMG7
104328,NCF2
104328,SMG7
104328,NCF2
104328,SMG7
104328,CFH
104328,CFH
104328,CFH
104328,CFH
104328,CFH
104328,CFH
104328,CFH
104328,CFH
104328,CFH
104328,CFH
104328,CFH
104328,CFH
104328,CFH
104328,CFH
104328,CFH
104328,CFHR3
104328,PTPRC
104328,PTPRC
104328,PTPRC
104328,PTPRC
104328,PTPRC
104328,PTPRC
104328,PTPRC
104328,PTPRC
104328,PTPRC
104328,PTPRC
104328,PTPRC
104328,PTPRC
104328,PTPRC
104328,PTPRC
104328,PTPRC
104328,PTPRC
104328,PTPRC
104328,PTPRC
104328,PTPRC
104328,PTPRC
104328,PTPRC
104328,PTPRC
104328,PTPRC
104328,PTPRC
104328,PTPRC
104328,PTPRC
104328,C4BPB
104328,C4BPB
104328,C4BPB
104328,CR2
104328,CR2
104328,CR2
104328,CR2
104328,CR2
104328,CR2
104328,CR2
104328,CR2
104328,CR2
104328,CR2
104328,CR2
104328,CR2
104328,CR2
104328,CR2
104328,ZAP70
104328,ZAP70
104328,TMEM87B
104328,CXCR4
104328,LRP1B
104328,LRP1B
104328,ORC4
104328,ORC4
104328,ORC4
104328,ORC4
104328,ORC4
104328,ORC4
104328,CASP10
104328,CASP10
104328,CASP10
104328,CASP10
104328,CASP10
104328,CASP10
104328,CASP10
104328,CASP10
104328,ERBB4
104328,DCBLD2
104328,ST3GAL6
104328,DCBLD2
104328,ST3GAL6
104328,DCBLD2
104328,ST3GAL6
104328,DCBLD2
104328,ST3GAL6
104328,DCBLD2
104328,ST3GAL6
104328,DCBLD2
104328,ST3GAL6
104328,DCBLD2
104328,DCBLD2
104328,DCBLD2
104328,DCBLD2
104328,DCBLD2
104328,HCLS1
104328,HCLS1
104328,HCLS1
104328,HCLS1
104328,HCLS1
104328,HCLS1
104328,RNF168
104328,RNF168
104328,RNF168
104328,CLNK
104328,CLNK
104328,CLNK
104328,CLNK
104328,CLNK
104328,CLNK
104328,CLNK
104328,CLNK
104328,CLNK
104328,CLNK
104328,CLNK
104328,CLNK
104328,CLNK
104328,CLNK
104328,CLNK
104328,CFI
104328,CFI
104328,CFI
104328,CFI
104328,CFI
104328,CFI
104328,CFI
104328,CFI
104328,CFI
104328,TLR3
104328,TLR3
104328,TLR3
104328,CLPTM1L
104328,IL7R
104328,IL7R
104328,IL7R
104328,IL7R
104328,IL7R
104328,C9
104328,C9
104328,C9
104328,C9
104328,C9
104328,C9
104328,C9
104328,C7
104328,C7
104328,C7
104328,C7
104328,C7
104328,C7
104328,C7
104328,C7
104328,C7
104328,C7
104328,C7
104328,C7
104328,C7
104328,C7
104328,C6
104328,C6
104328,C6
104328,C6
104328,C6
104328,C6
104328,C6
104328,C6
104328,C6
104328,C6
104328,C6
104328,C6
104328,C6
104328,C6
104328,AP3B1
104328,AP3B1
104328,AP3B1
104328,AP3B1
104328,AP3B1
104328,AP3B1
104328,AP3B1
104328,AP3B1
104328,AP3B1
104328,AP3B1
104328,AP3B1
104328,AP3B1
104328,AP3B1
104328,AP3B1
104328,AP3B1
104328,AP3B1
104328,AP3B1
104328,AP3B1
104328,XRCC4
104328,XRCC4
104328,XRCC4
104328,XRCC4
104328,XRCC4
104328,RAD50
104328,RAD50
104328,RAD50
104328,RAD50
104328,RAD50
104328,RAD50
104328,RAD50
104328,RAD50
104328,RAD50
104328,RAD50
104328,RAD50
104328,RAD50
104328,RAD50
104328,RAD50
104328,RAD50
104328,RAD50
104328,C2
104328,CFB
104328,C2
104328,CFB
104328,C2
104328,CFB
104328,C2
104328,CFB
104328,C2
104328,CFB
104328,C2
104328,CFB
104328,C2
104328,CFB
104328,C2
104328,CFB
104328,C2
104328,CFB
104328,C2
104328,CFB
104328,C2
104328,CFB
104328,C2
104328,CFB
104328,CFB
104328,CFB
104328,CFB
104328,CFB
104328,CFB
104328,TAP2
104328,TAP2
104328,TAP2
104328,TAP2
104328,TAP2
104328,TAP2
104328,TAP2
104328,PSMB9
104328,PSMB9
104328,TAP1
104328,PSMB9
104328,TAP1
104328,IL17F
104328,IL17F
104328,DOPEY1
104328,PGM3
104328,PGM3
104328,PGM3
104328,PGM3
104328,PGM3
104328,PGM3
104328,PGM3
104328,PGM3
104328,PGM3
104328,IFNGR1
104328,IFNGR1
104328,IFNGR1
104328,IFNGR1
104328,IFNGR1
104328,SBDS
104328,NBN
104328,NBN
104328,NBN
104328,NBN
104328,NBN
104328,NBN
104328,NBN
104328,NBN
104328,DOCK8
104328,DOCK8
104328,DOCK8
104328,DOCK8
104328,DOCK8
104328,DOCK8
104328,DOCK8
104328,DOCK8
104328,DOCK8
104328,DOCK8
104328,DOCK8
104328,DOCK8
104328,DOCK8
104328,DOCK8
104328,DOCK8
104328,DOCK8
104328,DOCK8
104328,DOCK8
104328,DOCK8
104328,DOCK8
104328,DOCK8
104328,DOCK8
104328,DOCK8
104328,DOCK8
104328,DOCK8
104328,DOCK8
104328,DOCK8
104328,DOCK8
104328,DOCK8
104328,DOCK8
104328,DOCK8
104328,DOCK8
104328,DOCK8
104328,DOCK8
104328,DOCK8
104328,DOCK8
104328,DOCK8
104328,DOCK8
104328,DOCK8
104328,DOCK8
104328,C5
104328,C5
104328,C5
104328,C5
104328,C5
104328,C5
104328,C5
104328,C5
104328,C5
104328,C5
104328,C5
104328,C5
104328,C5
104328,C5
104328,C5
104328,C5
104328,C5
104328,C5
104328,C5
104328,C5
104328,C5
104328,C5
104328,C5
104328,C5
104328,C5
104328,C5
104328,C5
104328,C5
104328,IL2RA
104328,IL2RA
104328,IL2RA
104328,IL2RA
104328,DCLRE1C
104328,DCLRE1C
104328,DCLRE1C
104328,DCLRE1C
104328,DCLRE1C
104328,DCLRE1C
104328,DCLRE1C
104328,MBL2
104328,MBL2
104328,MBL2
104328,CD81
104328,CD59
104328,CD59
104328,CD59
104328,CD59
104328,RAG1
104328,RAG1
104328,RAG1
104328,RAG2
104328,RAG2
104328,SERPING1
104328,SERPING1
104328,NAALAD2
104328,NAALAD2
104328,NAALAD2
104328,NAALAD2
104328,NAALAD2
104328,NAALAD2
104328,NAALAD2
104328,NAALAD2
104328,NAALAD2
104328,NAALAD2
104328,NAALAD2
104328,NAALAD2
104328,MRE11A
104328,MRE11A
104328,MRE11A
104328,MRE11A
104328,MRE11A
104328,MRE11A
104328,MRE11A
104328,MRE11A
104328,MRE11A
104328,MRE11A
104328,MRE11A
104328,MRE11A
104328,MRE11A
104328,ATM
104328,ATM
104328,ATM
104328,ATM
104328,ATM
104328,ATM
104328,ATM
104328,ATM
104328,ATM
104328,ATM
104328,ATM
104328,ATM
104328,ATM
104328,ATM
104328,ATM
104328,ATM
104328,ATM
104328,ATM
104328,ATM
104328,ATM
104328,ATM
104328,C11orf65
104328,ATM
104328,C11orf65
104328,ATM
104328,C11orf65
104328,ATM
104328,C11orf65
104328,ATM
104328,C11orf65
104328,ATM
104328,C11orf65
104328,ATM
104328,C11orf65
104328,ATM
104328,C11orf65
104328,ATM
104328,C11orf65
104328,ATM
104328,C11orf65
104328,ATM
104328,C11orf65
104328,ATM
104328,C11orf65
104328,ATM
104328,C11orf65
104328,ATM
104328,C11orf65
104328,ATM
104328,C11orf65
104328,ATM
104328,C11orf65
104328,ATM
104328,C11orf65
104328,ATM
104328,C11orf65
104328,CD3E
104328,CD3E
104328,CD3E
104328,CD3E
104328,CD3E
104328,CD3D
104328,CD3G
104328,CD3G
104328,CD4
104328,CD4
104328,CD4
104328,CD4
104328,C1S
104328,C1S
104328,C1S
104328,C1S
104328,C1S
104328,IRAK4
104328,IRAK4
104328,IRAK4
104328,IRAK4
104328,IRAK4
104328,IRAK4
104328,RFXAP
104328,LMO7
104328,LIG4
104328,NFKBIA
104328,PML
104328,PML
104328,PML
104328,PML
104328,BLM
104328,BLM
104328,BLM
104328,BLM
104328,BLM
104328,BLM
104328,BLM
104328,BLM
104328,BLM
104328,BLM
104328,BLM
104328,BLM
104328,BLM
104328,BLM
104328,CIITA
104328,CIITA
104328,CIITA
104328,CIITA
104328,CIITA
104328,CIITA
104328,CIITA
104328,CIITA
104328,CIITA
104328,CIITA
104328,CIITA
104328,CD19
104328,RABEP2
104328,CD19
104328,RABEP2
104328,CD19
104328,RABEP2
104328,CD19
104328,CD19
104328,CORO1A
104328,NOD2
104328,NOD2
104328,NOD2
104328,NOD2
104328,NOD2
104328,NOD2
104328,NOD2
104328,NOD2
104328,NOD2
104328,USB1
104328,USB1
104328,USB1
104328,FOXN1
104328,FOXN1
104328,FOXN1
104328,NF1
104328,STAT5B
104328,STAT5B
104328,STAT5B
104328,STAT5B
104328,STAT5B
104328,STAT5B
104328,STAT5B
104328,STAT5B
104328,MPO
104328,MPO
104328,ABCA10
104328,UNC13D
104328,UNC13D
104328,UNC13D
104328,TMC6
104328,TMC6
104328,TMC6
104328,TMC6
104328,TMC8
104328,TMC8
104328,TMC8
104328,TMC8
104328,HOOK2
104328,IL12RB1
104328,IL12RB1
104328,IL12RB1
104328,IL12RB1
104328,IL12RB1
104328,IL12RB1
104328,IL12RB1
104328,IL12RB1
104328,IL12RB1
104328,LIG1
104328,LIG1
104328,LIG1
104328,LIG1
104328,LIG1
104328,LIG1
104328,LIG1
104328,LIG1
104328,LIG1
104328,LIG1
104328,LIG1
104328,LIG1
104328,ADA
104328,ADA
104328,AIRE
104328,AIRE
104328,AIRE
104328,AIRE
104328,AIRE
104328,COMT
104328,IGLL1
ICGC_MB95,NAPEPLD
160398,PAPSS2
199347,LIN54
ICGC_MB180,AIFM2
ICGC_MB217,SMARCA4
ICGC_MB252,ROBO2
ICGC_MB296,CA10
123396,DDX1
144057,GSR
ICGC_MB230,DDX31
ICGC_MB264,KIAA1244
ICGC_MB264,TP53
198151,NBAS
198151,NBAS
198151,NBAS
198151,NBAS
198151,NGEF
198151,ITGA9
198151,ALDH1L1
198151,BFSP2
198151,LPP
198151,ZNF732
198151,MOB1B
198151,CDH18
198151,UBE3D
198151,PLAGL1
198151,CHN2
198151,BBS9
198151,CNBD1
198151,JMJD1C
198151,REEP3
198151,SUCLA2
198151,MACROD2
179743,LRRFIP2
ICGC_MB293,GON4L
ICGC_MB99,CNTN4
ICGC_MB99,HPSE2
ICGC_MB99,TMEM260
ICGC_MB305,VIT
ICGC_MB305,PKHD1
ICGC_MB305,ADGB
ICGC_MB305,AKR1C2
ICGC_MB305,DPY19L2
ICGC_MB305,ZNF100
ICGC_MB155,PTEN
ICGC_MB155,ZNF101
118746,ALS2CL
118746,DGKH
ICGC_MB157,ECHDC2
ICGC_MB157,TRIO
ICGC_MB157,FAM185A
104819,TM4SF20
104819,C8orf34
104819,STAU2
104819,SLC47A2
104819,RP11-169F17.1
ICGC_MB121,ASAP1
ICGC_MB96,MBTPS1
ICGC_MB241,CD38
173686,LCLAT1
173686,TRPM3
ICGC_MB237,AKAP7
ICGC_MB160,TYW1
ICGC_MB160,ARFGEF1
ICGC_MB160,ARHGAP11B
ICGC_MB160,NSF
ICGC_MB160,USP32
ICGC_MB232,MSRA
ICGC_MB232,NKAIN3
ICGC_MB232,TRPA1
108031,ROCK1
108031,TCF4
