ICGC_PA131,MPP4
ICGC_PA131,EPHA6
169124,CSMD1
169124,CSMD1
169124,DIAPH3
ICGC_PA133,BMP8B
ICGC_PA133,TIMD4
ICGC_PA150,SSUH2
ICGC_PA150,FAR2
185136,FUT10
134715,ARHGAP12
167381,BRAT1
167381,MYO3A
195915,PRMT7
195915,CCT6B
ICGC_PA162,PDE1C
138814,EFCC1
ICGC_PA129,SMYD3
181916,IFI16
181916,IFI16
ICGC_PA108,KCTD8
163195,MSH6
163195,GTF2F2
ICGC_PA134,ATP10D
129796,PRUNE2
129796,PRTFDC1
ICGC_PA113,VWA5B1
ICGC_PA113,CCDC152
ICGC_PA84,EFCAB8
ICGC_PA82,FSD2
155523,TSPAN9
110530,SPAG17
110530,MBNL1
110530,ANXA10
110530,IRS1
162809,KMT2E
ICGC_PA122,SLC10A2
163997,NPHP4
163997,NPHP4
163997,ROBO2
163997,CTC-432M15.3
163997,IMMP2L
163997,RP11-768F21.1
ICGC_PA149,CSPP1
ICGC_PA145,STON2
ICGC_PA107,LRRC49
125720,SLC15A5
125720,SPAG16
182627,NT5C2
182627,CCDC178
182627,MYO18B
115858,ACACB
190186,FPGT-TNNI3K
190186,LRRC53
190186,TNNI3K
160512,CPZ
160512,GPR78
159780,PACRG
159780,PCCA
114013,FAM184A
114013,ZDHHC4
114013,SPESP1
ICGC_PA86,CCT5
ICGC_PA86,CCDC136
152260,ABCC2
ICGC_PA126,TPPP
ICGC_PA126,CTNNA3
ICGC_PA96,PAM
ICGC_PA96,KRT7
197621,ERBB2IP
197621,DCTN5
ICGC_PA124,SPIDR
179411,SUPT3H
ICGC_PA163,CASP8
ICGC_PA163,CCDC57
ICGC_PA163,RP4-583P15.15
ICGC_PA163,ZGPAT
ICGC_PA163,UGGT2
174769,EFCAB6
174769,TJP2
182449,EGFL7
182449,RMDN3
118067,PCDH15
ICGC_PA85,TPTE2
ICGC_PA85,ABCC2
174991,DEPTOR
ICGC_PA144,CD36
160968,CCNA2
160968,ZNF664
160968,ZNF664
156247,TNS3
142309,FBXO16
ICGC_PA128,LRGUK
ICGC_PA128,LRGUK
ICGC_PA89,MSRA
ICGC_PA89,KCNU1
ICGC_PA89,BAG4
ICGC_PA112,TMEM128
ICGC_PA112,GYPB
ICGC_PA112,SLC38A9
ICGC_PA95,BVES
ICGC_PA125,SGOL1-AS1
ICGC_PA125,NRIP1
ICGC_PA87,ADHFE1
ICGC_PA87,FSIP1
174327,LCA5L
ICGC_PA127,RP11-432B6.3
ICGC_PA127,TRIM59
119451,CNTN4
105084,SLC24A3
105084,EGFLAM
105084,PRODH
ICGC_PA143,NLRP14
ICGC_PA143,CRLF3
ICGC_PA138,POLN
ICGC_PA138,POLN
ICGC_PA138,TNC
ICGC_PA138,PRKCA
ICGC_PA160,TMC5
ICGC_PA148,BANK1
ICGC_PA164,ABHD4
ICGC_PA164,ABHD4
133149,FAM185A
133149,AATF
ICGC_PA110,LPA
ICGC_PA110,ASTN2
ICGC_PA117,PCIF1
ICGC_PA117,LRRC72
ICGC_PA158,FAM120A
ICGC_PA103,CACNB4
ICGC_PA159,PGAP2
ICGC_PA132,PTCD3
ICGC_PA90,USH2A
ICGC_PA106,PKHD1
ICGC_PA106,CCDC180
160214,IQGAP3
160214,ADK
160214,PLEKHG4B
160214,CRLF3
160214,PSG1
ICGC_PA94,ANKRD23
ICGC_PA94,ANKRD39
ICGC_PA94,MYO18B
ICGC_PA161,KSR2
ICGC_PA161,ANKRD30A
ICGC_PA161,PSMG4
ICGC_PA161,SLC22A23
185623,SAMD11
185623,LARP1
185623,CTNNA3
185623,ABCG1
143276,SLC24A3
ICGC_PA136,PACRG
ICGC_PA121,KDM4C
ICGC_PA121,ADAM18
140735,VAV3
140735,ELP4
