ICGC_PA131,METTL8
ICGC_PA131,KIAA1549
ICGC_PA133,BSDC1
ICGC_PA133,UPK3B
ICGC_PA133,CFHR2
ICGC_PA133,PRDM5
ICGC_PA133,AVL9
ICGC_PA133,CD36
ICGC_PA133,GRM5
ICGC_PA133,PARP4
ICGC_PA133,CDRT1
ICGC_PA133,MATN4
ICGC_PA157,KIAA1549
185136,TTC26
185136,MMP25
195915,KIAA1549
138814,SLC25A13
184374,GRM5
145609,NMD3
163195,POLR2F
ICGC_PA134,SLC34A3
ICGC_PA134,GARNL3
ICGC_PA134,GARNL3
176802,PCSK5
176802,GRIN1
129796,CCDC19
155523,KIAA1549
198122,C20orf194
ICGC_PA122,SCAPER
ICGC_PA122,SCAPER
ICGC_PA122,PDP1
ICGC_PA122,WDR31
ICGC_PA123,GLG1
159780,COL17A1
ICGC_PA126,DNAH2
ICGC_PA83,MYO9A
ICGC_PA96,CNTLN
179411,CTD-2370N5.3
179411,EVI2B
179411,NF1
ICGC_PA88,CCDC19
ICGC_PA88,DNAH14
ICGC_PA88,BAZ1A
182449,KIAA1549
168928,CHRNA4
ICGC_PA85,KIAA1549
174991,PRELID2
ICGC_PA144,CLCN6
ICGC_PA144,CLCN6
142309,KIAA1549
ICGC_PA166,TTLL4
ICGC_PA166,CEP170
ICGC_PA166,SYN3
ICGC_PA166,LPA
ICGC_PA166,AVL9
ICGC_PA166,AKR1C1
ICGC_PA166,MARS
ICGC_PA166,C5orf58
ICGC_PA125,DNAH3
ICGC_PA125,PPP1R12C
174327,BRWD1
174327,NEK5
ICGC_PA127,MSH2
ICGC_PA127,PARP4
ICGC_PA147,CASP8
ICGC_PA143,ZNF534
ICGC_PA148,RP11-886H22.1
ICGC_PA164,BCAS1
ICGC_PA103,ABCA13
ICGC_PA132,CTD-2001C12.1
ICGC_PA93,LUZP2
ICGC_PA90,ROBO1
ICGC_PA90,ROBO1
ICGC_PA90,NKAIN3
ICGC_PA90,CLVS1
ICGC_PA90,ASPH
ICGC_PA90,ASPH
ICGC_PA106,TRIM2
143276,MUC16
ICGC_PA121,ACOT7
ICGC_PA121,RMDN2
ICGC_PA121,DAOA
